"Address","Content Type","Status Code","Status","Indexability","Indexability Status","Crawl Timestamp"
"https://magicworksitsolutions.com/","text/html; charset=utf-8","200","OK","Indexable","","2026-06-23 10:06:38"
"https://magicworksitsolutions.com/_next/static/chunks/2ejk_26znfoeu.js?dpl=dpl_61gKP5VGt1Jkai1mdkMzRKrey7vn","application/javascript; charset=utf-8","200","OK","Indexable","","2026-06-23 10:06:39"
"https://magicworksitsolutions.com/services","text/html; charset=utf-8","200","OK","Indexable","","2026-06-23 10:06:39"
"https://magicworksitsolutions.com/insights/reports","text/html; charset=utf-8","200","OK","Indexable","","2026-06-23 10:06:39"
"https://magicworksitsolutions.com/_next/static/chunks/2rny8dcdcbmzl.js?dpl=dpl_61gKP5VGt1Jkai1mdkMzRKrey7vn","application/javascript; charset=utf-8","200","OK","Indexable","","2026-06-23 10:06:39"
"https://magicworksitsolutions.com/_next/static/chunks/3hqfpm9-dkosz.js?dpl=dpl_61gKP5VGt1Jkai1mdkMzRKrey7vn","application/javascript; charset=utf-8","200","OK","Indexable","","2026-06-23 10:06:39"
"https://magicworksitsolutions.com/_next/static/chunks/1ntn7efqc-iiw.js?dpl=dpl_61gKP5VGt1Jkai1mdkMzRKrey7vn","application/javascript; charset=utf-8","200","OK","Indexable","","2026-06-23 10:06:40"
"https://magicworksitsolutions.com/careers","text/html; charset=utf-8","200","OK","Indexable","","2026-06-23 10:06:39"
"https://magicworksitsolutions.com/_next/static/chunks/06h1sf8z8ukon.css?dpl=dpl_61gKP5VGt1Jkai1mdkMzRKrey7vn","text/css; charset=utf-8","200","OK","Indexable","","2026-06-23 10:06:40"
"https://magicworksitsolutions.com/industries/manufacturing","text/html; charset=utf-8","200","OK","Indexable","","2026-06-23 10:06:40"
"https://magicworksitsolutions.com/services/ai-consultation","text/html; charset=utf-8","200","OK","Indexable","","2026-06-23 10:06:40"
"https://magicworksitsolutions.com/_next/image?url=%2Flogo-header.webp&w=3840&q=75&dpl=dpl_61gKP5VGt1Jkai1mdkMzRKrey7vn","image/jpeg","200","OK","Indexable","","2026-06-23 10:06:40"
"https://magicworksitsolutions.com/group/magicflow-ai","text/html; charset=utf-8","200","OK","Indexable","","2026-06-23 10:06:40"
"https://magicworksitsolutions.com/industries/professional-services","text/html; charset=utf-8","200","OK","Indexable","","2026-06-23 10:06:40"
"https://magicworksitsolutions.com/services/digital-marketing","text/html; charset=utf-8","200","OK","Indexable","","2026-06-23 10:06:40"
"https://magicworksitsolutions.com/industries/real-estate","text/html; charset=utf-8","200","OK","Indexable","","2026-06-23 10:06:40"
"https://magicworksitsolutions.com/industries/education","text/html; charset=utf-8","200","OK","Indexable","","2026-06-23 10:06:41"
"https://magicworksitsolutions.com/_next/static/chunks/2kqd5us5a8yds.js?dpl=dpl_61gKP5VGt1Jkai1mdkMzRKrey7vn","application/javascript; charset=utf-8","200","OK","Indexable","","2026-06-23 10:06:40"
"https://magicworksitsolutions.com/_next/image?url=%2Flogo-footer.webp&w=3840&q=75&dpl=dpl_61gKP5VGt1Jkai1mdkMzRKrey7vn","image/jpeg","200","OK","Indexable","","2026-06-23 10:06:41"
"https://magicworksitsolutions.com/blog","text/html; charset=utf-8","200","OK","Indexable","","2026-06-23 10:06:41"
"https://magicworksitsolutions.com/_next/static/chunks/0cz1d0mv5g_q7.js?dpl=dpl_61gKP5VGt1Jkai1mdkMzRKrey7vn","application/javascript; charset=utf-8","200","OK","Indexable","","2026-06-23 10:06:41"
"https://magicworksitsolutions.com/privacy","text/html; charset=utf-8","200","OK","Non-Indexable","noindex","2026-06-23 10:06:40"
"https://magicworksitsolutions.com/_next/static/chunks/01hp7hx8dhw7x.js?dpl=dpl_61gKP5VGt1Jkai1mdkMzRKrey7vn","application/javascript; charset=utf-8","200","OK","Indexable","","2026-06-23 10:06:42"
"https://magicworksitsolutions.com/work","text/html; charset=utf-8","200","OK","Indexable","","2026-06-23 10:06:42"
"https://magicworksitsolutions.com/about","text/html; charset=utf-8","200","OK","Indexable","","2026-06-23 10:06:42"
"https://magicworksitsolutions.com/terms","text/html; charset=utf-8","200","OK","Non-Indexable","noindex","2026-06-23 10:06:42"
"https://magicworksitsolutions.com/_next/static/chunks/turbopack-1uy1rzkuu2h9n.js?dpl=dpl_61gKP5VGt1Jkai1mdkMzRKrey7vn","application/javascript; charset=utf-8","200","OK","Indexable","","2026-06-23 10:06:43"
"https://magicworksitsolutions.com/group/magic-pipeline","text/html; charset=utf-8","200","OK","Indexable","","2026-06-23 10:06:42"
"https://magicworksitsolutions.com/_next/static/chunks/1bvllgm4lgaac.js?dpl=dpl_61gKP5VGt1Jkai1mdkMzRKrey7vn","application/javascript; charset=utf-8","200","OK","Indexable","","2026-06-23 10:06:43"
"https://magicworksitsolutions.com/group/magicworks-host","text/html; charset=utf-8","200","OK","Indexable","","2026-06-23 10:06:43"
"https://magicworksitsolutions.com/_next/static/chunks/3nc6x0_y5iwnk.js?dpl=dpl_61gKP5VGt1Jkai1mdkMzRKrey7vn","application/javascript; charset=utf-8","200","OK","Indexable","","2026-06-23 10:06:43"
"https://magicworksitsolutions.com/contact","text/html; charset=utf-8","200","OK","Indexable","","2026-06-23 10:06:43"
"https://magicworksitsolutions.com/_next/static/chunks/3aixr5clfo51-.js?dpl=dpl_61gKP5VGt1Jkai1mdkMzRKrey7vn","application/javascript; charset=utf-8","200","OK","Indexable","","2026-06-23 10:06:44"
"https://magicworksitsolutions.com/services/web-development","text/html; charset=utf-8","200","OK","Indexable","","2026-06-23 10:06:43"
"https://magicworksitsolutions.com/insights/whitepapers","text/html; charset=utf-8","200","OK","Indexable","","2026-06-23 10:06:43"
"https://magicworksitsolutions.com/services/web-development/maintenance-amc","text/html; charset=utf-8","200","OK","Indexable","","2026-06-23 10:06:44"
"https://magicworksitsolutions.com/_next/static/chunks/07yk_uba9gy2o.js?dpl=dpl_61gKP5VGt1Jkai1mdkMzRKrey7vn","application/javascript; charset=utf-8","200","OK","Indexable","","2026-06-23 10:06:45"
"https://magicworksitsolutions.com/services/platform-consultation","text/html; charset=utf-8","200","OK","Indexable","","2026-06-23 10:06:43"
"https://magicworksitsolutions.com/insights/whitepapers/ai-automation-readiness-indian-smes","text/html; charset=utf-8","200","OK","Indexable","","2026-06-23 10:06:44"
"https://magicworksitsolutions.com/insights/whitepapers/performance-marketing-roi","text/html; charset=utf-8","200","OK","Indexable","","2026-06-23 10:06:44"
"https://magicworksitsolutions.com/_next/static/chunks/0_r8n09ozzmel.js?dpl=dpl_61gKP5VGt1Jkai1mdkMzRKrey7vn","application/javascript; charset=utf-8","200","OK","Indexable","","2026-06-23 10:06:45"
"https://magicworksitsolutions.com/services/web-development/ai-native-websites","text/html; charset=utf-8","200","OK","Indexable","","2026-06-23 10:06:44"
"https://magicworksitsolutions.com/services/platform-consultation/roadmap-audit","text/html; charset=utf-8","200","OK","Indexable","","2026-06-23 10:06:45"
"https://magicworksitsolutions.com/services/web-development/ecommerce","text/html; charset=utf-8","200","OK","Indexable","","2026-06-23 10:06:45"
"https://magicworksitsolutions.com/services/platform-consultation/advisory-sprint","text/html; charset=utf-8","200","OK","Indexable","","2026-06-23 10:06:45"
"https://magicworksitsolutions.com/work/b2b-enterprise-software-abm-demos","text/html; charset=utf-8","200","OK","Indexable","","2026-06-23 10:06:45"
"https://magicworksitsolutions.com/services/platform-consultation/workshop","text/html; charset=utf-8","200","OK","Indexable","","2026-06-23 10:06:45"
"https://magicworksitsolutions.com/services/platform-consultation/embedded-advisor","text/html; charset=utf-8","200","OK","Indexable","","2026-06-23 10:06:45"
"https://magicworksitsolutions.com/work/regional-retail-chain-footfall-growth","text/html; charset=utf-8","200","OK","Indexable","","2026-06-23 10:06:45"
"https://magicworksitsolutions.com/work/commercial-contractor-b2b-project-inquiries","text/html; charset=utf-8","200","OK","Indexable","","2026-06-23 10:06:46"
"https://magicworksitsolutions.com/work/boutique-resort-direct-booking-growth","text/html; charset=utf-8","200","OK","Indexable","","2026-06-23 10:06:46"
"https://magicworksitsolutions.com/work/aishwaryam-real-estate-pipeline","text/html; charset=utf-8","200","OK","Indexable","","2026-06-23 10:06:46"
"https://magicworksitsolutions.com/_next/static/chunks/3tciezd3cy3tf.js?dpl=dpl_61gKP5VGt1Jkai1mdkMzRKrey7vn","application/javascript; charset=utf-8","200","OK","Indexable","","2026-06-23 10:06:46"
"https://magicworksitsolutions.com/work/srj-steel-b2b-digital-presence","text/html; charset=utf-8","200","OK","Indexable","","2026-06-23 10:06:46"
"https://magicworksitsolutions.com/work/multi-specialty-hospital-opd-growth","text/html; charset=utf-8","200","OK","Indexable","","2026-06-23 10:06:46"
"https://magicworksitsolutions.com/_next/image?url=https%3A%2F%2Fcdn.sanity.io%2Fimages%2Fwa86etuq%2Fproduction%2Fa356f01d60f15dbf35fce2f7efa310fa695076f3-550x350.png&w=3840&q=75","image/png","200","OK","Indexable","","2026-06-23 10:06:46"
"https://magicworksitsolutions.com/work/design-institute-2x-inquiry-growth","text/html; charset=utf-8","200","OK","Indexable","","2026-06-23 10:06:46"
"https://magicworksitsolutions.com/work/steel-manufacturer-b2b-rfq-growth","text/html; charset=utf-8","200","OK","Indexable","","2026-06-23 10:06:46"
"https://magicworksitsolutions.com/_next/image?url=https%3A%2F%2Fcdn.sanity.io%2Fimages%2Fwa86etuq%2Fproduction%2Fb9f825c4da1b2e8ff4e42e12fa8a419ee4311856-550x350.jpg&w=3840&q=75","image/jpeg","200","OK","Indexable","","2026-06-23 10:06:46"
"https://magicworksitsolutions.com/work/trexova-wellness-tourism-pipeline","text/html; charset=utf-8","200","OK","Indexable","","2026-06-23 10:06:46"
"https://magicworksitsolutions.com/work/d2c-lifestyle-brand-roas-growth","text/html; charset=utf-8","200","OK","Indexable","","2026-06-23 10:06:46"
"https://magicworksitsolutions.com/blog/pune-businesses-ai-social-media-traditional-agencies-2026","text/html; charset=utf-8","200","OK","Indexable","","2026-06-23 10:06:46"
"https://magicworksitsolutions.com/_next/image?url=https%3A%2F%2Fcdn.sanity.io%2Fimages%2Fwa86etuq%2Fproduction%2F647e1d997a14a34e5855b63838a31164767911e5-1000x636.jpg&w=3840&q=75","image/jpeg","200","OK","Indexable","","2026-06-23 10:06:46"
"https://magicworksitsolutions.com/blog/real-cost-of-ai-indian-marketing-sales-2026","text/html; charset=utf-8","200","OK","Indexable","","2026-06-23 10:06:46"
"https://magicworksitsolutions.com/blog/google-ai-mode-india-advertisers-2026","text/html; charset=utf-8","200","OK","Indexable","","2026-06-23 10:06:46"
"https://magicworksitsolutions.com/_next/image?url=https%3A%2F%2Fcdn.sanity.io%2Fimages%2Fwa86etuq%2Fproduction%2F2fea061b9151a3f38d95dad7e697a6c069346d5a-1000x636.jpg&w=3840&q=75","image/jpeg","200","OK","Indexable","","2026-06-23 10:06:47"
"https://magicworksitsolutions.com/_next/image?url=https%3A%2F%2Fcdn.sanity.io%2Fimages%2Fwa86etuq%2Fproduction%2F0cd4a6024923416e8ad14d0ceb37c7ab3ff12f39-550x350.jpg&w=3840&q=75","image/jpeg","200","OK","Indexable","","2026-06-23 10:06:47"
"https://magicworksitsolutions.com/blog/website-development-cost-india","text/html; charset=utf-8","200","OK","Indexable","","2026-06-23 10:06:46"
"https://magicworksitsolutions.com/_next/image?url=https%3A%2F%2Fcdn.sanity.io%2Fimages%2Fwa86etuq%2Fproduction%2F2d666b8bc08bd030c9b02db8ab1ba78225bccc75-550x350.jpg&w=3840&q=75","image/jpeg","200","OK","Indexable","","2026-06-23 10:06:47"
"https://magicworksitsolutions.com/blog/ai-chatbot-vs-lead-forms-b2b-india","text/html; charset=utf-8","200","OK","Indexable","","2026-06-23 10:06:47"
"https://magicworksitsolutions.com/_next/image?url=https%3A%2F%2Fcdn.sanity.io%2Fimages%2Fwa86etuq%2Fproduction%2F01302c9a778f183bad81e316fe1bdc289f220660-1619x971.png&w=3840&q=75","image/png","200","OK","Indexable","","2026-06-23 10:06:47"
"https://magicworksitsolutions.com/blog/transform-your-online-presence-with-website-development-solutions-tailored-for-shopify","text/html; charset=utf-8","200","OK","Indexable","","2026-06-23 10:06:47"
"https://magicworksitsolutions.com/blog/ai-social-media-services-vs-traditional-agencies-2026","text/html; charset=utf-8","200","OK","Indexable","","2026-06-23 10:06:47"
"https://magicworksitsolutions.com/blog/transform-your-business-with-the-best-digital-marketing-agency","text/html; charset=utf-8","200","OK","Indexable","","2026-06-23 10:06:47"
"https://magicworksitsolutions.com/blog/social-media-marketing-company-pune-2026","text/html; charset=utf-8","200","OK","Indexable","","2026-06-23 10:06:47"
"https://magicworksitsolutions.com/blog/beyond-code-what-sets-top-web-development-agencies-apart-from-the-rest","text/html; charset=utf-8","200","OK","Indexable","","2026-06-23 10:06:47"
"https://magicworksitsolutions.com/_next/image?url=https%3A%2F%2Fcdn.sanity.io%2Fimages%2Fwa86etuq%2Fproduction%2F47a331cc3a920541a5167e9043faa6554628fd13-1000x636.png&w=3840&q=75","image/png","200","OK","Indexable","","2026-06-23 10:06:48"
"https://magicworksitsolutions.com/blog/the-foundation-of-digital-success-strategic-web-design-development","text/html; charset=utf-8","200","OK","Indexable","","2026-06-23 10:06:48"
"https://magicworksitsolutions.com/_next/image?url=https%3A%2F%2Fcdn.sanity.io%2Fimages%2Fwa86etuq%2Fproduction%2Fb80d2fda34e743bec5b7458db197daa9bfbd96d2-1117x749.png&w=3840&q=75","image/png","200","OK","Indexable","","2026-06-23 10:06:48"
"https://magicworksitsolutions.com/_next/image?url=https%3A%2F%2Fcdn.sanity.io%2Fimages%2Fwa86etuq%2Fproduction%2F2097199285dcb259e0411c990ea21477ebc45cd1-550x350.jpg&w=3840&q=75","image/jpeg","200","OK","Indexable","","2026-06-23 10:06:48"
"https://magicworksitsolutions.com/_next/image?url=https%3A%2F%2Fcdn.sanity.io%2Fimages%2Fwa86etuq%2Fproduction%2Fd66efe6bc8877b7cd6ad3f20946641415d1e25f2-2500x1000.webp&w=3840&q=75","image/jpeg","200","OK","Indexable","","2026-06-23 10:06:48"
"https://magicworksitsolutions.com/blog/why-digital-transformation-fails-smes-india","text/html; charset=utf-8","200","OK","Indexable","","2026-06-23 10:06:48"
"https://magicworksitsolutions.com/blog/4-proven-methods-to-increase-your-website-conversions","text/html; charset=utf-8","200","OK","Indexable","","2026-06-23 10:06:48"
"https://magicworksitsolutions.com/_next/image?url=https%3A%2F%2Fcdn.sanity.io%2Fimages%2Fwa86etuq%2Fproduction%2F9fcc6fad23fd9449582e0e2d3a3b5bc976d0ef21-2500x1000.jpg&w=3840&q=75","image/jpeg","200","OK","Indexable","","2026-06-23 10:06:48"
"https://magicworksitsolutions.com/blog/why-strategic-digital-marketing-firms-are-critical-for-business-success","text/html; charset=utf-8","200","OK","Indexable","","2026-06-23 10:06:48"
"https://magicworksitsolutions.com/blog/search-engine-marketing-b2b-google-ads-mistakes","text/html; charset=utf-8","200","OK","Indexable","","2026-06-23 10:06:48"
"https://magicworksitsolutions.com/_next/image?url=https%3A%2F%2Fcdn.sanity.io%2Fimages%2Fwa86etuq%2Fproduction%2F7ddff3f3e7ef26d65c3a8e5375c51f2fa5aa6d53-1091x571.jpg&w=3840&q=75","image/jpeg","200","OK","Indexable","","2026-06-23 10:06:49"
"https://magicworksitsolutions.com/_next/image?url=https%3A%2F%2Fcdn.sanity.io%2Fimages%2Fwa86etuq%2Fproduction%2Fe687ce6022cd7fdc10bbef73a6e78ae82e955cfa-550x350.jpg&w=3840&q=75","image/jpeg","200","OK","Indexable","","2026-06-23 10:06:49"
"https://magicworksitsolutions.com/blog/ai-investment-framework-indian-ceos-marketing-sales-2026","text/html; charset=utf-8","200","OK","Indexable","","2026-06-23 10:06:49"
"https://magicworksitsolutions.com/_next/image?url=https%3A%2F%2Fcdn.sanity.io%2Fimages%2Fwa86etuq%2Fproduction%2F542fa0e485ae9b46ab78d9ba8e86bc64c9b8af53-550x350.jpg&w=3840&q=75","image/jpeg","200","OK","Indexable","","2026-06-23 10:06:49"
"https://magicworksitsolutions.com/blog/how-ai-transforms-performance-marketing-for-scalable-growth","text/html; charset=utf-8","200","OK","Indexable","","2026-06-23 10:06:49"
"https://magicworksitsolutions.com/_next/image?url=https%3A%2F%2Fcdn.sanity.io%2Fimages%2Fwa86etuq%2Fproduction%2F18bbcf6b129d5f47b7286f92f2f289b02fa44dad-2500x1000.webp&w=3840&q=75","image/jpeg","200","OK","Indexable","","2026-06-23 10:06:50"
"https://magicworksitsolutions.com/blog/the-startups-digital-rewire-how-a-top-digital-marketing-company-fuels-sustainable-growth","text/html; charset=utf-8","200","OK","Indexable","","2026-06-23 10:06:49"
"https://magicworksitsolutions.com/_next/image?url=https%3A%2F%2Fcdn.sanity.io%2Fimages%2Fwa86etuq%2Fproduction%2Fbf7636367c7c036d5f18af5a31fafc6baec2a9e1-550x350.jpg&w=3840&q=75","image/jpeg","200","OK","Indexable","","2026-06-23 10:06:50"
"https://magicworksitsolutions.com/_next/image?url=https%3A%2F%2Fcdn.sanity.io%2Fimages%2Fwa86etuq%2Fproduction%2F6fa0f085605aa7c966a44f433fbfb7e55ab48155-550x350.webp&w=3840&q=75","image/jpeg","200","OK","Indexable","","2026-06-23 10:06:49"
"https://magicworksitsolutions.com/blog/ai-lead-qualification-b2b-india-sales-heads-2026","text/html; charset=utf-8","200","OK","Indexable","","2026-06-23 10:06:49"
"https://magicworksitsolutions.com/_next/image?url=https%3A%2F%2Fcdn.sanity.io%2Fimages%2Fwa86etuq%2Fproduction%2Fb8c0c536b87e8b37e0eef17c8276d597b699d9d0-1205x634.png&w=3840&q=75","image/png","200","OK","Indexable","","2026-06-23 10:06:50"
"https://magicworksitsolutions.com/blog/the-ultimate-guide-to-hiring-the-best-digital-marketing-agency","text/html; charset=utf-8","200","OK","Indexable","","2026-06-23 10:06:50"
"https://magicworksitsolutions.com/_next/image?url=https%3A%2F%2Fcdn.sanity.io%2Fimages%2Fwa86etuq%2Fproduction%2F3b19efad3b49a93e7dc950d37fad1f41557a7506-550x350.jpg&w=3840&q=75","image/jpeg","200","OK","Indexable","","2026-06-23 10:06:50"
"https://magicworksitsolutions.com/_next/image?url=https%3A%2F%2Fcdn.sanity.io%2Fimages%2Fwa86etuq%2Fproduction%2Fb7c49cf1e99356ec1858e7c05cfe80fcddd62aac-1122x732.png&w=3840&q=75","image/png","200","OK","Indexable","","2026-06-23 10:06:50"
"https://magicworksitsolutions.com/_next/image?url=https%3A%2F%2Fcdn.sanity.io%2Fimages%2Fwa86etuq%2Fproduction%2F5b037edef169613228c27848508babc576d981ad-1250x500.webp&w=3840&q=75","image/jpeg","200","OK","Indexable","","2026-06-23 10:06:50"
"https://magicworksitsolutions.com/_next/image?url=https%3A%2F%2Fcdn.sanity.io%2Fimages%2Fwa86etuq%2Fproduction%2F75e8f37b4c59f9e1ef5b0201bed07ebd9909a95e-550x350.webp&w=3840&q=75","image/jpeg","200","OK","Indexable","","2026-06-23 10:06:50"
"https://magicworksitsolutions.com/blog/9-essential-steps-to-start-your-online-business","text/html; charset=utf-8","200","OK","Indexable","","2026-06-23 10:06:50"
"https://magicworksitsolutions.com/blog/indian-b2b-marketing-strategy-gap-explained","text/html; charset=utf-8","200","OK","Indexable","","2026-06-23 10:06:50"
"https://magicworksitsolutions.com/blog/how-performance-marketing-agencies-help-brands-move-from-spend-to-scale","text/html; charset=utf-8","200","OK","Indexable","","2026-06-23 10:06:50"
"https://magicworksitsolutions.com/_next/image?url=https%3A%2F%2Fcdn.sanity.io%2Fimages%2Fwa86etuq%2Fproduction%2F7d71fe7604115c5433afbadcb5262d67d727143c-2500x1000.webp&w=3840&q=75","image/jpeg","200","OK","Indexable","","2026-06-23 10:06:50"
"https://magicworksitsolutions.com/_next/image?url=https%3A%2F%2Fcdn.sanity.io%2Fimages%2Fwa86etuq%2Fproduction%2Fdfe0f9c819ec2913f7817615a681614af566a1eb-550x350.webp&w=3840&q=75","image/jpeg","200","OK","Indexable","","2026-06-23 10:06:51"
"https://magicworksitsolutions.com/blog/strengthen-your-content-strategy-with-customer-input","text/html; charset=utf-8","200","OK","Indexable","","2026-06-23 10:06:50"
"https://magicworksitsolutions.com/blog/geo-for-indian-businesses-2026","text/html; charset=utf-8","200","OK","Indexable","","2026-06-23 10:06:50"
"https://magicworksitsolutions.com/services/digital-marketing/site-performance-conversion","text/html; charset=utf-8","200","OK","Indexable","","2026-06-23 10:06:51"
"https://magicworksitsolutions.com/services/digital-marketing/linkedin-organic-social","text/html; charset=utf-8","200","OK","Indexable","","2026-06-23 10:06:51"
"https://magicworksitsolutions.com/work/simplidistance-mba-enrollments","text/html; charset=utf-8","200","OK","Indexable","","2026-06-23 10:06:51"
"https://magicworksitsolutions.com/blog/the-essential-guide-to-social-media-marketing-dos-and-donts","text/html; charset=utf-8","200","OK","Indexable","","2026-06-23 10:06:50"
"https://magicworksitsolutions.com/_next/static/chunks/2tycv12qxsb3x.js?dpl=dpl_61gKP5VGt1Jkai1mdkMzRKrey7vn","application/javascript; charset=utf-8","200","OK","Indexable","","2026-06-23 10:06:52"
"https://magicworksitsolutions.com/services/digital-marketing/google-ads-search-marketing","text/html; charset=utf-8","200","OK","Indexable","","2026-06-23 10:06:51"
"https://magicworksitsolutions.com/services/digital-marketing/email-marketing","text/html; charset=utf-8","200","OK","Indexable","","2026-06-23 10:06:52"
"https://magicworksitsolutions.com/services/digital-marketing/meta-ads","text/html; charset=utf-8","200","OK","Indexable","","2026-06-23 10:06:52"
"https://magicworksitsolutions.com/_next/image?url=https%3A%2F%2Fcdn.sanity.io%2Fimages%2Fwa86etuq%2Fproduction%2F5974132e574682a4babb762de6d1ea281f9e8b1b-550x350.webp&w=3840&q=75","image/jpeg","200","OK","Indexable","","2026-06-23 10:06:51"
"https://magicworksitsolutions.com/services/digital-marketing/thought-leadership-geo","text/html; charset=utf-8","200","OK","Indexable","","2026-06-23 10:06:52"
"https://magicworksitsolutions.com/services/digital-marketing/youtube-video-optimisation","text/html; charset=utf-8","200","OK","Indexable","","2026-06-23 10:06:52"
"https://magicworksitsolutions.com/services/digital-marketing/gmb-optimisation","text/html; charset=utf-8","200","OK","Indexable","","2026-06-23 10:06:52"
"https://magicworksitsolutions.com/services/digital-marketing/full-funnel-programme","text/html; charset=utf-8","200","OK","Indexable","","2026-06-23 10:06:52"
"https://magicworksitsolutions.com/group","text/html; charset=utf-8","200","OK","Indexable","","2026-06-23 10:06:52"
"https://magicworksitsolutions.com/services/ai-consultation/embedded-advisor","text/html; charset=utf-8","200","OK","Indexable","","2026-06-23 10:06:52"
"https://magicworksitsolutions.com/tools/ai-readiness-assessment","text/html; charset=utf-8","200","OK","Indexable","","2026-06-23 10:06:52"
"https://magicworksitsolutions.com/_next/static/chunks/3_gy729izu929.js?dpl=dpl_61gKP5VGt1Jkai1mdkMzRKrey7vn","application/javascript; charset=utf-8","200","OK","Indexable","","2026-06-23 10:06:53"
"https://magicworksitsolutions.com/services/digital-marketing/seo-aeo","text/html; charset=utf-8","200","OK","Indexable","","2026-06-23 10:06:52"
"https://magicworksitsolutions.com/services/ai-consultation/workshop","text/html; charset=utf-8","200","OK","Indexable","","2026-06-23 10:06:52"
"https://magicworksitsolutions.com/services/ai-consultation/vendor-sprint","text/html; charset=utf-8","200","OK","Indexable","","2026-06-23 10:06:53"
"https://magicworksitsolutions.com/careers/web-developer-full-stack","text/html; charset=utf-8","200","OK","Indexable","","2026-06-23 10:06:53"
"https://magicworksitsolutions.com/careers/seo-aeo-geo-intern","text/html; charset=utf-8","200","OK","Indexable","","2026-06-23 10:06:53"
"https://magicworksitsolutions.com/services/ai-consultation/process-audit","text/html; charset=utf-8","200","OK","Indexable","","2026-06-23 10:06:53"
"https://magicworksitsolutions.com/careers/digital-marketing-intern","text/html; charset=utf-8","200","OK","Indexable","","2026-06-23 10:06:53"
"https://magicworksitsolutions.com/careers/performance-marketing-executive","text/html; charset=utf-8","200","OK","Indexable","","2026-06-23 10:06:53"
"https://magicworksitsolutions.com/careers/sales-executive-ai-product","text/html; charset=utf-8","200","OK","Indexable","","2026-06-23 10:06:53"
"https://magicworksitsolutions.com/careers/digital-marketing-sales-executive","text/html; charset=utf-8","200","OK","Indexable","","2026-06-23 10:06:53"
"https://magicworksitsolutions.com/insights/reports/platform-strategy-checklist","text/html; charset=utf-8","200","OK","Indexable","","2026-06-23 10:06:54"
"https://magicworksitsolutions.com/careers/nextjs-developer","text/html; charset=utf-8","200","OK","Indexable","","2026-06-23 10:06:54"
"https://magicworksitsolutions.com/careers/seo-executive","text/html; charset=utf-8","200","OK","Indexable","","2026-06-23 10:06:54"
"https://magicworksitsolutions.com/careers/digital-marketing-manager","text/html; charset=utf-8","200","OK","Indexable","","2026-06-23 10:06:54"
"https://magicworksitsolutions.com/_next/static/chunks/3_un3pj548p77.js?dpl=dpl_61gKP5VGt1Jkai1mdkMzRKrey7vn","application/javascript; charset=utf-8","200","OK","Indexable","","2026-06-23 10:06:54"
"https://magicworksitsolutions.com/insights/reports/ai-readiness-playbook","text/html; charset=utf-8","200","OK","Indexable","","2026-06-23 10:06:54"
"https://magicworksitsolutions.com/_next/static/chunks/2wd6s713ufe5b.js?dpl=dpl_61gKP5VGt1Jkai1mdkMzRKrey7vn","application/javascript; charset=utf-8","200","OK","Indexable","","2026-06-23 10:06:54"
"https://magicworksitsolutions.com/_next/static/chunks/093fkt7c6nhyq.js?dpl=dpl_61gKP5VGt1Jkai1mdkMzRKrey7vn","application/javascript; charset=utf-8","200","OK","Indexable","","2026-06-23 10:06:54"
"https://magicworksitsolutions.com/insights/reports/ai-native-website-spec-sheet","text/html; charset=utf-8","200","OK","Indexable","","2026-06-23 10:06:54"
"https://magicworksitsolutions.com/insights/reports/ai-search-visibility-playbook","text/html; charset=utf-8","200","OK","Indexable","","2026-06-23 10:06:54"
"https://magicworksitsolutions.com/_next/static/chunks/0venbrujb4dqb.js?dpl=dpl_61gKP5VGt1Jkai1mdkMzRKrey7vn","application/javascript; charset=utf-8","200","OK","Indexable","","2026-06-23 10:06:54"
"https://magicworksitsolutions.com/_next/static/chunks/1x8p0pjd80e95.js?dpl=dpl_61gKP5VGt1Jkai1mdkMzRKrey7vn","application/javascript; charset=utf-8","200","OK","Indexable","","2026-06-23 10:06:54"
"https://magicworksitsolutions.com/_next/static/chunks/2_7v63c8suy6y.js?dpl=dpl_61gKP5VGt1Jkai1mdkMzRKrey7vn","application/javascript; charset=utf-8","200","OK","Indexable","","2026-06-23 10:06:54"
"https://magicworksitsolutions.com/_next/static/chunks/1r519cp6jvw9k.js?dpl=dpl_61gKP5VGt1Jkai1mdkMzRKrey7vn","application/javascript; charset=utf-8","200","OK","Indexable","","2026-06-23 10:06:54"
"https://magicworksitsolutions.com/insights/reports/manufacturers-growth-playbook","text/html; charset=utf-8","200","OK","Indexable","","2026-06-23 10:06:54"
"https://magicworksitsolutions.com/_next/static/chunks/2zzuws6f2ozb-.js?dpl=dpl_61gKP5VGt1Jkai1mdkMzRKrey7vn","application/javascript; charset=utf-8","200","OK","Indexable","","2026-06-23 10:06:54"
"https://magicworksitsolutions.com/_next/image?url=https%3A%2F%2Fimages.berqwp.com%2F%3Fdomain%3Dmagicworksitsolutions.com%26w%3D300%26mw%3D1920%26q%3D90%26url%3Dhttps%3A%2F%2Fmagicworksitsolutions.com%2Fwp-content%2Fuploads%2F2026%2F05%2Fai-citation-sources-2026-youtube-reddit-wikipediaoup.webp&w=3840&q=75","image/webp","200","OK","Indexable","","2026-06-23 10:06:54"
"https://magicworksitsolutions.com/insights/reports/ai-for-professional-services","text/html; charset=utf-8","200","OK","Indexable","","2026-06-23 10:06:54"
"https://magicworksitsolutions.com/_next/image?url=https%3A%2F%2Fimages.berqwp.com%2F%3Fdomain%3Dmagicworksitsolutions.com%26w%3D300%26mw%3D1920%26q%3D90%26url%3Dhttps%3A%2F%2Fmagicworksitsolutions.com%2Fwp-content%2Fuploads%2F2026%2F05%2Fgeo-90-day-action-plan-timeline-indian-businesses.webp&w=3840&q=75","image/jpeg","200","OK","Indexable","","2026-06-23 10:06:55"
"https://magicworksitsolutions.com/_next/image?url=https%3A%2F%2Fimages.berqwp.com%2F%3Fdomain%3Dmagicworksitsolutions.com%26w%3D300%26mw%3D1920%26q%3D90%26url%3Dhttps%3A%2F%2Fmagicworksitsolutions.com%2Fwp-content%2Fuploads%2F2026%2F05%2Fgeo-vs-seo-comparison-2026.png.webp&w=3840&q=75","image/jpeg","200","OK","Indexable","","2026-06-23 10:06:54"
"https://magicworksitsolutions.com/_next/image?url=https%3A%2F%2Fcdn.sanity.io%2Fimages%2Fwa86etuq%2Fproduction%2F7431aac9e24112ebfc65f848f89bef6471bf9a4b-2500x1000.jpg&w=3840&q=75","image/jpeg","200","OK","Indexable","","2026-06-23 10:06:55"
"https://magicworksitsolutions.com/_next/image?url=https%3A%2F%2Fcdn.sanity.io%2Fimages%2Fwa86etuq%2Fproduction%2F3f5a550db51503ba000138aef1eb09928a749b9d-2500x1000.jpg&w=3840&q=75","image/jpeg","200","OK","Indexable","","2026-06-23 10:06:55"
"https://magicworksitsolutions.com/_next/static/chunks/0lrceaup3qrxy.js?dpl=dpl_61gKP5VGt1Jkai1mdkMzRKrey7vn","application/javascript; charset=utf-8","200","OK","Indexable","","2026-06-23 10:06:55"
"https://magicworksitsolutions.com/_next/image?url=https%3A%2F%2Fcdn.sanity.io%2Fimages%2Fwa86etuq%2Fproduction%2Fdfbc1e80f72566a4d7172cae56e0549f6e6e99e9-2500x1000.jpg&w=3840&q=75","image/jpeg","200","OK","Indexable","","2026-06-23 10:06:55"
"https://magicworksitsolutions.com/_next/image?url=https%3A%2F%2Fimages.berqwp.com%2F%3Fdomain%3Dmagicworksitsolutions.com%26w%3D300%26mw%3D1920%26q%3D90%26url%3Dhttps%3A%2F%2Fmagicworksitsolutions.com%2Fwp-content%2Fuploads%2F2026%2F05%2F18-Month-AI-Return-Signal-Timeline.webp&w=3840&q=75","image/webp","200","OK","Indexable","","2026-06-23 10:06:55"
"https://magicworksitsolutions.com/_next/image?url=https%3A%2F%2Fimages.berqwp.com%2F%3Fdomain%3Dmagicworksitsolutions.com%26w%3D300%26mw%3D1920%26q%3D90%26url%3Dhttps%3A%2F%2Fmagicworksitsolutions.com%2Fwp-content%2Fuploads%2F2026%2F05%2FFour-Quadrant-Decision-Filter.webp&w=3840&q=75","image/webp","200","OK","Indexable","","2026-06-23 10:06:55"
"https://magicworksitsolutions.com/_next/image?url=https%3A%2F%2Fcdn.sanity.io%2Fimages%2Fwa86etuq%2Fproduction%2F1862a6ca8657a29515f1c341bb5367f1ae2a5e89-2500x1000.jpg&w=3840&q=75","image/jpeg","200","OK","Indexable","","2026-06-23 10:06:55"
"https://magicworksitsolutions.com/_next/image?url=https%3A%2F%2Fimages.berqwp.com%2F%3Fdomain%3Dmagicworksitsolutions.com%26w%3D300%26mw%3D1920%26q%3D90%26url%3Dhttps%3A%2F%2Fmagicworksitsolutions.com%2Fwp-content%2Fuploads%2F2026%2F05%2F48-to-12-AI-Shutdown-Discipline.webp&w=3840&q=75","image/jpeg","200","OK","Indexable","","2026-06-23 10:06:55"
"https://magicworksitsolutions.com/_next/image?url=https%3A%2F%2Fimages.berqwp.com%2F%3Fdomain%3Dmagicworksitsolutions.com%26w%3D300%26mw%3D1920%26q%3D90%26url%3Dhttps%3A%2F%2Fmagicworksitsolutions.com%2Fwp-content%2Fuploads%2F2026%2F05%2FIndian-AI-Investment-Budget-Tiers.webp&w=3840&q=75","image/webp","200","OK","Indexable","","2026-06-23 10:06:55"
"https://magicworksitsolutions.com/_next/image?url=https%3A%2F%2Fimages.berqwp.com%2F%3Fdomain%3Dmagicworksitsolutions.com%26w%3D300%26mw%3D1920%26q%3D90%26url%3Dhttps%3A%2F%2Fmagicworksitsolutions.com%2Fwp-content%2Fuploads%2F2026%2F05%2Fgoogle-ads-ai-max-90-day-migration-plan-timeline.webp&w=3840&q=75","image/jpeg","200","OK","Indexable","","2026-06-23 10:06:56"
"https://magicworksitsolutions.com/_next/image?url=https%3A%2F%2Fimages.berqwp.com%2F%3Fdomain%3Dmagicworksitsolutions.com%26w%3D300%26mw%3D1920%26q%3D90%26url%3Dhttps%3A%2F%2Fmagicworksitsolutions.com%2Fwp-content%2Fuploads%2F2026%2F05%2Fai-max-search-independent-testing-results-2026.webp&w=3840&q=75","image/jpeg","200","OK","Indexable","","2026-06-23 10:06:56"
"https://magicworksitsolutions.com/_next/image?url=https%3A%2F%2Fimages.berqwp.com%2F%3Fdomain%3Dmagicworksitsolutions.com%26w%3D300%26mw%3D1920%26q%3D90%26url%3Dhttps%3A%2F%2Fmagicworksitsolutions.com%2Fwp-content%2Fuploads%2F2026%2F05%2Fprobability-weighted-ai-cost.webp&w=3840&q=75","image/avif","200","OK","Indexable","","2026-06-23 10:06:56"
"https://magicworksitsolutions.com/_next/image?url=https%3A%2F%2Fimages.berqwp.com%2F%3Fdomain%3Dmagicworksitsolutions.com%26w%3D300%26mw%3D1920%26q%3D90%26url%3Dhttps%3A%2F%2Fmagicworksitsolutions.com%2Fwp-content%2Fuploads%2F2026%2F05%2Fgoogle-ai-overviews-india-january-2026-launch-countries.webp&w=3840&q=75","image/jpeg","200","OK","Indexable","","2026-06-23 10:06:56"
"https://magicworksitsolutions.com/_next/image?url=https%3A%2F%2Fcdn.sanity.io%2Fimages%2Fwa86etuq%2Fproduction%2Fac08a674e7e1516369a58804bc5153f59f8a70be-400x400.heif&w=96&q=75","image/jpeg","200","OK","Indexable","","2026-06-23 10:06:56"
"https://magicworksitsolutions.com/_next/image?url=https%3A%2F%2Fcdn.sanity.io%2Fimages%2Fwa86etuq%2Fproduction%2Fac08a674e7e1516369a58804bc5153f59f8a70be-400x400.heif&w=128&q=75","image/jpeg","200","OK","Indexable","","2026-06-23 10:06:56"
"https://magicworksitsolutions.com/_next/image?url=https%3A%2F%2Fimages.berqwp.com%2F%3Fdomain%3Dmagicworksitsolutions.com%26w%3D300%26mw%3D1920%26q%3D90%26url%3Dhttps%3A%2F%2Fmagicworksitsolutions.com%2Fwp-content%2Fuploads%2F2026%2F05%2Fai-cost-iceberg.webp&w=3840&q=75","image/jpeg","200","OK","Indexable","","2026-06-23 10:06:56"
"https://magicworksitsolutions.com/_next/image?url=https%3A%2F%2Fimages.berqwp.com%2F%3Fdomain%3Dmagicworksitsolutions.com%26w%3D300%26mw%3D1920%26q%3D90%26url%3Dhttps%3A%2F%2Fmagicworksitsolutions.com%2Fwp-content%2Fuploads%2F2026%2F05%2Fhubspot-vs-salesforce-tco.webp&w=3840&q=75","image/avif","200","OK","Indexable","","2026-06-23 10:06:56"
"https://magicworksitsolutions.com/_next/image?url=https%3A%2F%2Fimages.berqwp.com%2F%3Fdomain%3Dmagicworksitsolutions.com%26w%3D300%26mw%3D1920%26q%3D90%26url%3Dhttps%3A%2F%2Fmagicworksitsolutions.com%2Fwp-content%2Fuploads%2F2026%2F05%2F5-use-case-comparison-matrix.webp&w=3840&q=75","image/webp","200","OK","Indexable","","2026-06-23 10:06:56"
"https://magicworksitsolutions.com/authors/swapnil-ughade","text/html; charset=utf-8","200","OK","Indexable","","2026-06-23 10:06:56"
"https://magicworksitsolutions.com/_next/image?url=https%3A%2F%2Fimages.berqwp.com%2F%3Fdomain%3Dmagicworksitsolutions.com%26w%3D300%26mw%3D1920%26q%3D90%26url%3Dhttps%3A%2F%2Fmagicworksitsolutions.com%2Fwp-content%2Fuploads%2F2026%2F05%2Fgeo-indian-businesses-2026-hero.webp&w=256&q=75","image/jpeg","200","OK","Indexable","","2026-06-23 10:06:58"
"https://magicworksitsolutions.com/_next/image?url=https%3A%2F%2Fcdn.sanity.io%2Fimages%2Fwa86etuq%2Fproduction%2Fac08a674e7e1516369a58804bc5153f59f8a70be-400x400.heif&w=256&q=75","image/jpeg","200","OK","Indexable","","2026-06-23 10:06:58"
"https://magicworksitsolutions.com/_next/image?url=https%3A%2F%2Fimages.berqwp.com%2F%3Fdomain%3Dmagicworksitsolutions.com%26w%3D300%26mw%3D1920%26q%3D90%26url%3Dhttps%3A%2F%2Fmagicworksitsolutions.com%2Fwp-content%2Fuploads%2F2026%2F05%2FAI-Investment-Decision-Framework-Hero.webp&w=256&q=75","image/jpeg","200","OK","Indexable","","2026-06-23 10:06:58"
"https://magicworksitsolutions.com/_next/image?url=https%3A%2F%2Fcdn.sanity.io%2Fimages%2Fwa86etuq%2Fproduction%2F7d71fe7604115c5433afbadcb5262d67d727143c-2500x1000.webp&w=256&q=75","image/jpeg","200","OK","Indexable","","2026-06-23 10:06:58"
"https://magicworksitsolutions.com/_next/image?url=https%3A%2F%2Fimages.berqwp.com%2F%3Fdomain%3Dmagicworksitsolutions.com%26w%3D300%26mw%3D1920%26q%3D90%26url%3Dhttps%3A%2F%2Fmagicworksitsolutions.com%2Fwp-content%2Fuploads%2F2026%2F05%2Fgoogle-ai-mode-india-90-day-plan-2026.webp&w=256&q=75","image/jpeg","200","OK","Indexable","","2026-06-23 10:06:58"
"https://magicworksitsolutions.com/_next/image?url=https%3A%2F%2Fcdn.sanity.io%2Fimages%2Fwa86etuq%2Fproduction%2F9fcc6fad23fd9449582e0e2d3a3b5bc976d0ef21-2500x1000.jpg&w=256&q=75","image/jpeg","200","OK","Indexable","","2026-06-23 10:06:58"
