"Address","Status Code","Status","HTML Word Count","Rendered HTML Word Count","Word Count Change","JS Word Count %","HTML Title","Rendered HTML Title","HTML H1","Rendered HTML H1","HTML Meta Description","Rendered HTML Meta Description","HTML Canonical","Rendered HTML Canonical","Unique Inlinks","Unique JS Inlinks","Unique Outlinks","Unique JS Outlinks","Unique External Outlinks","Unique External JS Outlinks","HTML Meta Robots 1","HTML Meta Robots 2","Rendered HTML Meta Robots 1","Pretty URL","Ugly URL","JS Error","JS Warning","JS Info","JS Debug","JS Issue"
"https://magicworksitsolutions.com/","200","OK","486","0","","","MagicWorks · AI-First Digital Marketing Agency in Pune · MagicWorks","","Human strategy. Machine acceleration.","","Human strategy, machine acceleration. We turn traffic, leads, and operations into predictable revenue for ambitious Indian businesses. Book a discovery call.","","https://magicworksitsolutions.com/","","101","0","22","0","6","0","index, follow","index, follow","","https://magicworksitsolutions.com/","https://magicworksitsolutions.com/","","","","",""
"https://magicworksitsolutions.com/services","200","OK","172","0","","","Services · MagicWorks","","Four pillars. Two that deliver, two that advise.","","Four service pillars: Digital Marketing, Web Development, AI Consultation, and Marketplace & Platform Consultation. Two that deliver, two that advise.","","https://magicworksitsolutions.com/services","","5","0","21","0","6","0","index, follow","index, follow","","https://magicworksitsolutions.com/services","https://magicworksitsolutions.com/services","","","","",""
"https://magicworksitsolutions.com/insights/reports","200","OK","646","0","","","Reports · Insights · MagicWorks","","In-depth playbooks, free with your email.","","Downloadable research reports from MagicWorks on AI adoption, performance marketing, and digital strategy for Indian businesses.","","https://magicworksitsolutions.com/insights/reports","","101","0","28","0","6","0","index, follow","index, follow","","https://magicworksitsolutions.com/insights/reports","https://magicworksitsolutions.com/insights/reports","","","","",""
"https://magicworksitsolutions.com/careers","200","OK","437","0","","","Careers at MagicWorks · MagicWorks","","Build what is next. Join MagicWorks.","","Join MagicWorks IT Solutions in Pune. We are hiring across digital marketing, web development, AI, design, and operations. See open roles.","","https://magicworksitsolutions.com/careers","","101","0","30","0","6","0","index, follow","index, follow","","https://magicworksitsolutions.com/careers","https://magicworksitsolutions.com/careers","","","","",""
"https://magicworksitsolutions.com/industries/manufacturing","200","OK","389","0","","","Digital Marketing & AI Consultation for Manufacturing · MagicWorks","","Digital presence and AI readiness for Indian manufacturers.","","MagicWorks is the Priority 1 AI Consultation vertical for manufacturing. Digital presence, B2B lead generation, and AI process roadmaps for Indian manufacturers.","","https://magicworksitsolutions.com/industries/manufacturing","","101","0","21","0","6","0","index, follow","index, follow","","https://magicworksitsolutions.com/industries/manufacturing","https://magicworksitsolutions.com/industries/manufacturing","","","","",""
"https://magicworksitsolutions.com/services/ai-consultation","200","OK","738","0","","","AI Consultation for Founders & Operators · MagicWorks","","A clear, defensible AI roadmap.","","A clear, defensible AI roadmap. Consultation only: we advise and design the path, and you choose who builds it. Independent AI advisory for Indian businesses.","","https://magicworksitsolutions.com/services/ai-consultation","","101","0","27","0","6","0","index, follow","index, follow","","https://magicworksitsolutions.com/services/ai-consultation","https://magicworksitsolutions.com/services/ai-consultation","","","","",""
"https://magicworksitsolutions.com/group/magicflow-ai","200","OK","218","0","","","MagicFlow AI · MagicWorks Group · MagicWorks","","MagicFlow AI","","MagicFlow AI is an AI product from the MagicWorks Group, a SaaS chatbot and automation platform for businesses. Part of the MagicWorks family.","","https://magicworksitsolutions.com/group/magicflow-ai","","101","0","22","0","7","0","index, follow","index, follow","","https://magicworksitsolutions.com/group/magicflow-ai","https://magicworksitsolutions.com/group/magicflow-ai","","","","",""
"https://magicworksitsolutions.com/industries/professional-services","200","OK","394","0","","","AI Consultation & Digital Marketing for Professional Services · MagicWorks","","Trusted advisors advising trusted advisors.","","MagicWorks works with CA firms, law practices, consultancies, and advisory firms. Priority 2 vertical for AI Consultation. Trusted advisors advising trusted advisors.","","https://magicworksitsolutions.com/industries/professional-services","","101","0","21","0","6","0","index, follow","index, follow","","https://magicworksitsolutions.com/industries/professional-services","https://magicworksitsolutions.com/industries/professional-services","","","","",""
"https://magicworksitsolutions.com/services/digital-marketing","200","OK","896","0","","","Digital Marketing Agency in Pune · MagicWorks","","Predictable revenue from traffic and leads.","","Predictable revenue from traffic and leads. Ten digital marketing services on a monthly retainer, with a commission tier for larger ad spends. Book a call.","","https://magicworksitsolutions.com/services/digital-marketing","","101","0","33","0","6","0","index, follow","index, follow","","https://magicworksitsolutions.com/services/digital-marketing","https://magicworksitsolutions.com/services/digital-marketing","","","","",""
"https://magicworksitsolutions.com/industries/real-estate","200","OK","329","0","","","Digital Marketing & Web for Real Estate · MagicWorks","","Qualified buyer enquiries for every project launch.","","MagicWorks helps real estate developers generate qualified buyer enquiries. 6,500+ units in pipeline for Aishwaryam with below-benchmark CPL.","","https://magicworksitsolutions.com/industries/real-estate","","101","0","21","0","6","0","index, follow","index, follow","","https://magicworksitsolutions.com/industries/real-estate","https://magicworksitsolutions.com/industries/real-estate","","","","",""
"https://magicworksitsolutions.com/industries/education","200","OK","326","0","","","Digital Marketing & Web Development for Education · MagicWorks","","High-intent student enquiries, compounding year on year.","","MagicWorks helps education businesses generate high-intent student enquiries. See how we drove 75,000+ qualified leads per year for SimpliDistance.","","https://magicworksitsolutions.com/industries/education","","101","0","21","0","6","0","index, follow","index, follow","","https://magicworksitsolutions.com/industries/education","https://magicworksitsolutions.com/industries/education","","","","",""
"https://magicworksitsolutions.com/blog","200","OK","1796","0","","","Blog · MagicWorks","","Practical thinking on marketing, AI, and growth.","","Practical thinking on digital marketing, AI, web development, and business growth from the MagicWorks team.","","https://magicworksitsolutions.com/blog","","101","0","47","0","6","0","index, follow","index, follow","","https://magicworksitsolutions.com/blog","https://magicworksitsolutions.com/blog","","","","",""
"https://magicworksitsolutions.com/privacy","200","OK","2223","0","","","Privacy Policy · MagicWorks","","Privacy Policy","","Privacy policy for magicworksitsolutions.com, MagicWorks IT Solutions Pvt. Ltd. How we collect, use, and protect your data under the DPDP Act 2023.","","https://magicworksitsolutions.com/privacy","","101","0","21","0","6","0","noindex, nofollow","","","https://magicworksitsolutions.com/privacy","https://magicworksitsolutions.com/privacy","","","","",""
"https://magicworksitsolutions.com/work","200","OK","545","0","","","Work · MagicWorks","","Results that speak plainly.","","Result-led case studies from MagicWorks. Education, real estate, manufacturing: real numbers, named clients, honest accounts of what changed.","","https://magicworksitsolutions.com/work","","101","0","33","0","6","0","index, follow","index, follow","","https://magicworksitsolutions.com/work","https://magicworksitsolutions.com/work","","","","",""
"https://magicworksitsolutions.com/about","200","OK","458","0","","","About MagicWorks · MagicWorks","","17 years of practice. Evolving with purpose!","","Founded 2009. AI-first digital marketing agency in Pune. 17 years building for ambitious Indian businesses across digital marketing, web development, and AI.","","https://magicworksitsolutions.com/about","","101","0","22","0","6","0","index, follow","index, follow","","https://magicworksitsolutions.com/about","https://magicworksitsolutions.com/about","","","","",""
"https://magicworksitsolutions.com/terms","200","OK","1318","0","","","Terms of Use · MagicWorks","","Terms of Use","","Terms of Use for magicworksitsolutions.com — MagicWorks IT Solutions Pvt. Ltd.","","https://magicworksitsolutions.com/terms","","101","0","23","0","6","0","noindex, nofollow","","","https://magicworksitsolutions.com/terms","https://magicworksitsolutions.com/terms","","","","",""
"https://magicworksitsolutions.com/group/magic-pipeline","200","OK","150","0","","","Magic Pipeline · MagicWorks Group · MagicWorks","","Magic Pipeline","","Magic Pipeline is a SaaS AI CRM and sales pipeline product from the MagicWorks Group. Part of the MagicWorks family.","","https://magicworksitsolutions.com/group/magic-pipeline","","101","0","22","0","7","0","index, follow","index, follow","","https://magicworksitsolutions.com/group/magic-pipeline","https://magicworksitsolutions.com/group/magic-pipeline","","","","",""
"https://magicworksitsolutions.com/group/magicworks-host","200","OK","141","0","","","MagicWorks Host · MagicWorks Group · MagicWorks","","MagicWorks Host","","Domain registration, web hosting, and SSL certificates from MagicWorks Host, part of the MagicWorks Group. All new hosting and domain enquiries handled here.","","https://magicworksitsolutions.com/group/magicworks-host","","101","0","22","0","7","0","index, follow","index, follow","","https://magicworksitsolutions.com/group/magicworks-host","https://magicworksitsolutions.com/group/magicworks-host","","","","",""
"https://magicworksitsolutions.com/contact","200","OK","249","0","","","Get in Touch · MagicWorks","","A thirty-minute call, no obligation.","","Book a thirty-minute discovery call with MagicWorks. No obligation. We will tell you honestly whether we are the right fit for your business.","","https://magicworksitsolutions.com/contact","","101","0","21","0","6","0","index, follow","index, follow","","https://magicworksitsolutions.com/contact","https://magicworksitsolutions.com/contact","","","","",""
"https://magicworksitsolutions.com/services/web-development","200","OK","733","0","","","AI-Native Website Development · MagicWorks","","AI-native websites that compound brand and conversion.","","AI-native websites that compound brand and conversion. Built on Next.js to generate business, not just to look good. From idea to live in 3 to 10 weeks.","","https://magicworksitsolutions.com/services/web-development","","101","0","25","0","6","0","index, follow","index, follow","","https://magicworksitsolutions.com/services/web-development","https://magicworksitsolutions.com/services/web-development","","","","",""
"https://magicworksitsolutions.com/insights/whitepapers","200","OK","249","0","","","Whitepapers | Insights · MagicWorks","","Research-backed whitepapers for decision-makers.","","Free whitepapers from MagicWorks IT Solutions: in-depth research on AI automation readiness and performance marketing ROI for Indian businesses.","","https://magicworksitsolutions.com/insights/whitepapers","","101","0","24","0","8","0","index, follow","index, follow","","https://magicworksitsolutions.com/insights/whitepapers","https://magicworksitsolutions.com/insights/whitepapers","","","","",""
"https://magicworksitsolutions.com/services/web-development/maintenance-amc","200","OK","437","0","","","Web AMC & Website Maintenance · MagicWorks · MagicWorks","","Keep the site we built fast, secure, and current.","","Ongoing maintenance for sites we built: uptime monitoring, security patches, content updates, and LLM cost management for AI-native sites.","","https://magicworksitsolutions.com/services/web-development/maintenance-amc","","4","0","25","0","6","0","index, follow","index, follow","","https://magicworksitsolutions.com/services/web-development/maintenance-amc","https://magicworksitsolutions.com/services/web-development/maintenance-amc","","","","",""
"https://magicworksitsolutions.com/services/platform-consultation","200","OK","738","0","","","Marketplace & Platform Consultation · MagicWorks","","Founder-led judgment for platform builders.","","Founder-led judgment for portal and platform builders. Independent advice, no bundling. Strategy for edtech, B2B trade, and wellness platforms.","","https://magicworksitsolutions.com/services/platform-consultation","","101","0","26","0","6","0","index, follow","index, follow","","https://magicworksitsolutions.com/services/platform-consultation","https://magicworksitsolutions.com/services/platform-consultation","","","","",""
"https://magicworksitsolutions.com/insights/whitepapers/ai-automation-readiness-indian-smes","200","OK","285","0","","","AI Automation Readiness for Indian SMEs | Whitepapers · MagicWorks","","AI Automation Readiness for Indian SMEs","","Most Indian SMEs know AI matters. Few know where they actually stand. This whitepaper gives founders and operations leaders a structured five-dimension readines","","https://magicworksitsolutions.com/insights/whitepapers/ai-automation-readiness-indian-smes","","2","0","23","0","7","0","index, follow","index, follow","","https://magicworksitsolutions.com/insights/whitepapers/ai-automation-readiness-indian-smes","https://magicworksitsolutions.com/insights/whitepapers/ai-automation-readiness-indian-smes","","","","",""
"https://magicworksitsolutions.com/insights/whitepapers/performance-marketing-roi","200","OK","280","0","","","Performance Marketing ROI: The MagicWorks Framework | Whitepapers · MagicWorks","","Performance Marketing ROI: The MagicWorks Framework","","Performance marketing in India is full of vanity metrics. This whitepaper delivers the measurement framework MagicWorks uses across client campaigns, covering a","","https://magicworksitsolutions.com/insights/whitepapers/performance-marketing-roi","","2","0","23","0","7","0","index, follow","index, follow","","https://magicworksitsolutions.com/insights/whitepapers/performance-marketing-roi","https://magicworksitsolutions.com/insights/whitepapers/performance-marketing-roi","","","","",""
"https://magicworksitsolutions.com/services/web-development/ai-native-websites","200","OK","562","0","","","AI-Native Website Development · MagicWorks · MagicWorks","","Websites that work, not just sit there.","","Websites built on Next.js with an LLM-backed backend and intelligent features, from chat to smart search. Our default build, live in 8 to 16 weeks.","","https://magicworksitsolutions.com/services/web-development/ai-native-websites","","4","0","25","0","6","0","index, follow","index, follow","","https://magicworksitsolutions.com/services/web-development/ai-native-websites","https://magicworksitsolutions.com/services/web-development/ai-native-websites","","","","",""
"https://magicworksitsolutions.com/services/platform-consultation/roadmap-audit","200","OK","564","0","","","Platform Roadmap Audit · MagicWorks · MagicWorks","","A defensible platform roadmap, pressure-tested.","","A fixed-scope sprint that pressure-tests your platform strategy and returns a sequenced, defensible roadmap you can act on with any partner.","","https://magicworksitsolutions.com/services/platform-consultation/roadmap-audit","","5","0","25","0","6","0","index, follow","index, follow","","https://magicworksitsolutions.com/services/platform-consultation/roadmap-audit","https://magicworksitsolutions.com/services/platform-consultation/roadmap-audit","","","","",""
"https://magicworksitsolutions.com/services/web-development/ecommerce","200","OK","434","0","","","E-commerce Website Development · MagicWorks · MagicWorks","","Stores built around the buying journey, not just the catalogue.","","Online stores built around the buying journey. AI-native commerce for ambitious roadmaps, or WooCommerce for simpler catalogues, with an AMC tail.","","https://magicworksitsolutions.com/services/web-development/ecommerce","","4","0","25","0","6","0","index, follow","index, follow","","https://magicworksitsolutions.com/services/web-development/ecommerce","https://magicworksitsolutions.com/services/web-development/ecommerce","","","","",""
"https://magicworksitsolutions.com/services/platform-consultation/advisory-sprint","200","OK","360","0","","","Targeted Advisory Sprint · Platform Consultation · MagicWorks · MagicWorks","","One hard decision, resolved.","","A focused, fixed-fee engagement on a single hard platform decision: pricing model, marketplace liquidity, or build-or-buy on a specific module. 2 to 4 weeks.","","https://magicworksitsolutions.com/services/platform-consultation/advisory-sprint","","5","0","24","0","6","0","index, follow","index, follow","","https://magicworksitsolutions.com/services/platform-consultation/advisory-sprint","https://magicworksitsolutions.com/services/platform-consultation/advisory-sprint","","","","",""
"https://magicworksitsolutions.com/work/b2b-enterprise-software-abm-demos","200","OK","265","0","","","B2B Enterprise Software Company Achieves 85 Demo Bookings Per Month With Account-Based Marketing · MagicWorks","","B2B Enterprise Software Company Achieves 85 Demo Bookings Per Month With Account-Based Marketing","","This enterprise software company had a genuinely superior product but was failing to reach decision-makers. The website attracted IT managers and junior de","","https://magicworksitsolutions.com/work/b2b-enterprise-software-abm-demos","","1","0","21","0","6","0","index, follow","index, follow","","https://magicworksitsolutions.com/work/b2b-enterprise-software-abm-demos","https://magicworksitsolutions.com/work/b2b-enterprise-software-abm-demos","","","","",""
"https://magicworksitsolutions.com/services/platform-consultation/workshop","200","OK","345","0","","","Platform Strategy Workshop · MagicWorks · MagicWorks","","Align on the platform thesis before you build.","","A founder-led session to align your team on the platform thesis, the model, and the near-term priorities. The usual way to begin platform consultation.","","https://magicworksitsolutions.com/services/platform-consultation/workshop","","3","0","24","0","6","0","index, follow","index, follow","","https://magicworksitsolutions.com/services/platform-consultation/workshop","https://magicworksitsolutions.com/services/platform-consultation/workshop","","","","",""
"https://magicworksitsolutions.com/services/platform-consultation/embedded-advisor","200","OK","360","0","","","Embedded Platform Advisor · MagicWorks · MagicWorks","","A senior platform advisor in your corner.","","Ongoing, founder-level platform judgment for founders executing a roadmap. Regular reviews, escalation support, and re-prioritisation. A follow-on only.","","https://magicworksitsolutions.com/services/platform-consultation/embedded-advisor","","3","0","23","0","6","0","index, follow","index, follow","","https://magicworksitsolutions.com/services/platform-consultation/embedded-advisor","https://magicworksitsolutions.com/services/platform-consultation/embedded-advisor","","","","",""
"https://magicworksitsolutions.com/work/regional-retail-chain-footfall-growth","200","OK","235","0","","","Regional Retail Chain Increases Footfall 27% With Hyperlocal Store-Level Marketing · MagicWorks","","Regional Retail Chain Increases Footfall 27% With Hyperlocal Store-Level Marketing","","A regional retail chain with 6 store locations was struggling against national chains and online competitors. Festive campaign performance had declined yea","","https://magicworksitsolutions.com/work/regional-retail-chain-footfall-growth","","1","0","21","0","6","0","index, follow","index, follow","","https://magicworksitsolutions.com/work/regional-retail-chain-footfall-growth","https://magicworksitsolutions.com/work/regional-retail-chain-footfall-growth","","","","",""
"https://magicworksitsolutions.com/work/commercial-contractor-b2b-project-inquiries","200","OK","267","0","","","Commercial Contractor Generates 13 Project Inquiries Per Month With B2B Digital Credibility Build · MagicWorks","","Commercial Contractor Generates 13 Project Inquiries Per Month With B2B Digital Credibility Build","","This commercial and industrial contractor had an excellent track record delivering large-scale projects but a digital credibility score of near zero. Procu","","https://magicworksitsolutions.com/work/commercial-contractor-b2b-project-inquiries","","1","0","21","0","6","0","index, follow","index, follow","","https://magicworksitsolutions.com/work/commercial-contractor-b2b-project-inquiries","https://magicworksitsolutions.com/work/commercial-contractor-b2b-project-inquiries","","","","",""
"https://magicworksitsolutions.com/work/boutique-resort-direct-booking-growth","200","OK","262","0","","","Boutique Resort Grows Direct Bookings 38% and Reduces OTA Commission Dependency · MagicWorks","","Boutique Resort Grows Direct Bookings 38% and Reduces OTA Commission Dependency","","This boutique resort ran at strong occupancy but was bleeding net margin through OTA commissions of 18–22% per booking. Over 70% of all bookings came throu","","https://magicworksitsolutions.com/work/boutique-resort-direct-booking-growth","","1","0","21","0","6","0","index, follow","index, follow","","https://magicworksitsolutions.com/work/boutique-resort-direct-booking-growth","https://magicworksitsolutions.com/work/boutique-resort-direct-booking-growth","","","","",""
"https://magicworksitsolutions.com/work/aishwaryam-real-estate-pipeline","200","OK","206","0","","","Aishwaryam Group Drives 6,500+ Units Into Pipeline With Dual-Funnel Campaigns · MagicWorks","","Aishwaryam Group Drives 6,500+ Units Into Pipeline With Dual-Funnel Campaigns","","Aishwaryam Group is a Pune-based residential developer with projects spanning budget and premium segments. To drive enquiries across both tiers simultaneou","","https://magicworksitsolutions.com/work/aishwaryam-real-estate-pipeline","","1","0","21","0","6","0","index, follow","index, follow","","https://magicworksitsolutions.com/work/aishwaryam-real-estate-pipeline","https://magicworksitsolutions.com/work/aishwaryam-real-estate-pipeline","","","","",""
"https://magicworksitsolutions.com/work/srj-steel-b2b-digital-presence","200","OK","227","0","","","SRJ Steel Builds a Full-Funnel Digital Presence From Zero to 110+ RFQs Per Month · MagicWorks","","SRJ Steel Builds a Full-Funnel Digital Presence From Zero to 110+ RFQs Per Month","","SRJ Steel had grown entirely through dealer relationships and trade fairs, with no independent digital presence beyond a basic website. When key dealer rel","","https://magicworksitsolutions.com/work/srj-steel-b2b-digital-presence","","1","0","21","0","6","0","index, follow","index, follow","","https://magicworksitsolutions.com/work/srj-steel-b2b-digital-presence","https://magicworksitsolutions.com/work/srj-steel-b2b-digital-presence","","","","",""
"https://magicworksitsolutions.com/work/multi-specialty-hospital-opd-growth","200","OK","247","0","","","Multi-Specialty Hospital Adds 1,100 OPD Bookings Per Month With Local SEO and Reputation Recovery · MagicWorks","","Multi-Specialty Hospital Adds 1,100 OPD Bookings Per Month With Local SEO and Reputation Recovery","","This multi-specialty hospital had strong clinical capabilities but was being outranked in Google Maps by competitors with weaker care outcomes but better d","","https://magicworksitsolutions.com/work/multi-specialty-hospital-opd-growth","","1","0","21","0","6","0","index, follow","index, follow","","https://magicworksitsolutions.com/work/multi-specialty-hospital-opd-growth","https://magicworksitsolutions.com/work/multi-specialty-hospital-opd-growth","","","","",""
"https://magicworksitsolutions.com/work/design-institute-2x-inquiry-growth","200","OK","273","0","","","Design Institute Grows Monthly Inquiries 2.6X With Brand-Led Digital Marketing · MagicWorks","","Design Institute Grows Monthly Inquiries 2.6X With Brand-Led Digital Marketing","","A well-regarded design institute with strong local walk-in admissions was completely invisible online. Newer competitors with inferior programmes consisten","","https://magicworksitsolutions.com/work/design-institute-2x-inquiry-growth","","1","0","21","0","6","0","index, follow","index, follow","","https://magicworksitsolutions.com/work/design-institute-2x-inquiry-growth","https://magicworksitsolutions.com/work/design-institute-2x-inquiry-growth","","","","",""
"https://magicworksitsolutions.com/work/steel-manufacturer-b2b-rfq-growth","200","OK","264","0","","","Steel Manufacturer Generates 110+ RFQs Per Month With B2B SEO and LinkedIn Outreach · MagicWorks","","Steel Manufacturer Generates 110+ RFQs Per Month With B2B SEO and LinkedIn Outreach","","This established steel manufacturer had grown entirely through dealer relationships and trade fairs with no digital presence beyond a basic website. When k","","https://magicworksitsolutions.com/work/steel-manufacturer-b2b-rfq-growth","","1","0","21","0","6","0","index, follow","index, follow","","https://magicworksitsolutions.com/work/steel-manufacturer-b2b-rfq-growth","https://magicworksitsolutions.com/work/steel-manufacturer-b2b-rfq-growth","","","","",""
"https://magicworksitsolutions.com/work/trexova-wellness-tourism-pipeline","200","OK","197","0","","","Trexova Builds a Global Wellness Tourism Pipeline With 3,400 Leads and 36% Conversion · MagicWorks","","Trexova Builds a Global Wellness Tourism Pipeline With 3,400 Leads and 36% Conversion","","Trexova is a global wellness tourism portal launching into a category with low awareness and high purchase consideration. The challenge was to build brand","","https://magicworksitsolutions.com/work/trexova-wellness-tourism-pipeline","","1","0","21","0","6","0","index, follow","index, follow","","https://magicworksitsolutions.com/work/trexova-wellness-tourism-pipeline","https://magicworksitsolutions.com/work/trexova-wellness-tourism-pipeline","","","","",""
"https://magicworksitsolutions.com/work/d2c-lifestyle-brand-roas-growth","200","OK","249","0","","","D2C Lifestyle Brand Achieves 3.5X ROAS and ₹32L Monthly Revenue With Full-Funnel Rebuild · MagicWorks","","D2C Lifestyle Brand Achieves 3.5X ROAS and ₹32L Monthly Revenue With Full-Funnel Rebuild","","This D2C lifestyle brand had strong product quality and growing repeat customers, but performance marketing was significantly underperforming. ROAS had dec","","https://magicworksitsolutions.com/work/d2c-lifestyle-brand-roas-growth","","1","0","21","0","6","0","index, follow","index, follow","","https://magicworksitsolutions.com/work/d2c-lifestyle-brand-roas-growth","https://magicworksitsolutions.com/work/d2c-lifestyle-brand-roas-growth","","","","",""
"https://magicworksitsolutions.com/blog/pune-businesses-ai-social-media-traditional-agencies-2026","200","OK","7034","0","","","AI Social Media Services for Pune Businesses 2026: The Switch Explained · MagicWorks","","Why Pune Businesses Are Choosing AI-Powered Social Media Over Traditional Agencies in 2026","","From Chakan manufacturers to Hinjewadi SaaS companies, Pune businesses in 2026 are switching from traditional social media agencies to AI-augmented models. The result: 2-3x more qualified inbound leads from social channels at 30-50% lower cost per lead. Here is what that switch actually involves and how to determine if it is right for your Pune business.","","https://magicworksitsolutions.com/blog/pune-businesses-ai-social-media-traditional-agencies-2026","","4","0","28","0","6","0","index, follow","index, follow","","https://magicworksitsolutions.com/blog/pune-businesses-ai-social-media-traditional-agencies-2026","https://magicworksitsolutions.com/blog/pune-businesses-ai-social-media-traditional-agencies-2026","","","","",""
"https://magicworksitsolutions.com/blog/real-cost-of-ai-indian-marketing-sales-2026","200","OK","7427","0","","","The Real Cost of AI in Indian Marketing & Sales: 2026 Guide · MagicWorks","","The Real Cost of AI in Indian Marketing and Sales: Honest Numbers Across 5 Use Cases for 2026","","Honest rupee costs for AI in Indian marketing and sales across 5 use cases. Real budgets, hidden costs, payback timelines, and the 95% failure problem.","","https://magicworksitsolutions.com/blog/real-cost-of-ai-indian-marketing-sales-2026","","26","0","25","0","21","0","index, follow","index, follow","","https://magicworksitsolutions.com/blog/real-cost-of-ai-indian-marketing-sales-2026","https://magicworksitsolutions.com/blog/real-cost-of-ai-indian-marketing-sales-2026","","","","",""
"https://magicworksitsolutions.com/blog/google-ai-mode-india-advertisers-2026","200","OK","4416","0","","","Google AI Overviews & AI Max in India: 90-Day Playbook · MagicWorks","","Google AI Overviews & AI Max in India: What Advertisers Must Change in the Next 90 Days","","Google AI Overviews ads and AI Max are changing Search in India. A 90-day playbook for advertisers before the Sept 2026 upgrade.","","https://magicworksitsolutions.com/blog/google-ai-mode-india-advertisers-2026","","1","0","25","0","17","0","index, follow","index, follow","","https://magicworksitsolutions.com/blog/google-ai-mode-india-advertisers-2026","https://magicworksitsolutions.com/blog/google-ai-mode-india-advertisers-2026","","","","",""
"https://magicworksitsolutions.com/blog/website-development-cost-india","200","OK","7589","0","","","Website Development Cost India 2026: Rs 15K vs Rs 2 Lakh — The Real Comparison · MagicWorks","","The Real Cost of Website Development in India: Why a Rs 15,000 Site Loses Indian Businesses Crores","","A Rs 15,000 website seems like a smart decision until you model the revenue it costs you. For mid-sized Indian B2B businesses, a cheap website can represent Rs 40-80 lakh in annual lost opportunities. Here is the complete cost and ROI analysis for website development in India in 2026.","","https://magicworksitsolutions.com/blog/website-development-cost-india","","1","0","28","0","6","0","index, follow","index, follow","","https://magicworksitsolutions.com/blog/website-development-cost-india","https://magicworksitsolutions.com/blog/website-development-cost-india","","","","",""
"https://magicworksitsolutions.com/blog/ai-chatbot-vs-lead-forms-b2b-india","200","OK","7356","0","","","AI Chatbots vs Lead Forms India B2B 2026: Conversion Data Compared · MagicWorks","","AI Chatbots vs. Traditional Lead Forms for B2B in India: What the Data Actually Says in 2026","","If you do not reach a B2B prospect within 24-72 hours of their first enquiry, conversion probability drops by over 80%. Traditional lead forms make this structurally impossible. AI chatbots solve it. But the real answer for high-growth Indian B2B companies is more nuanced -- here is the complete comparison with Indian market data.","","https://magicworksitsolutions.com/blog/ai-chatbot-vs-lead-forms-b2b-india","","1","0","28","0","6","0","index, follow","index, follow","","https://magicworksitsolutions.com/blog/ai-chatbot-vs-lead-forms-b2b-india","https://magicworksitsolutions.com/blog/ai-chatbot-vs-lead-forms-b2b-india","","","","",""
"https://magicworksitsolutions.com/blog/transform-your-online-presence-with-website-development-solutions-tailored-for-shopify","200","OK","7178","0","","","Shopify Website Development India 2026: Setup, Costs and Best Practices · MagicWorks","","Shopify Website Development for Indian E-Commerce: The Complete 2026 Strategy Guide","","India is Shopify's fastest-growing market globally. D2C brands generated Rs 12,000+ crore in GMV through Shopify stores in 2025. But 65% of Indian Shopify stores fail to exceed Rs 5 lakh monthly revenue — not because of product quality, but because of store architecture mistakes. Here is how to build a Shopify store that converts.","","https://magicworksitsolutions.com/blog/transform-your-online-presence-with-website-development-solutions-tailored-for-shopify","","1","0","28","0","6","0","index, follow","index, follow","","https://magicworksitsolutions.com/blog/transform-your-online-presence-with-website-development-solutions-tailored-for-shopify","https://magicworksitsolutions.com/blog/transform-your-online-presence-with-website-development-solutions-tailored-for-shopify","","","","",""
"https://magicworksitsolutions.com/blog/ai-social-media-services-vs-traditional-agencies-2026","200","OK","9603","0","","","AI Social Media Services vs Traditional Agencies India 2026 · MagicWorks","","AI-Powered Social Media Services vs. Traditional Agencies in India 2026: The Definitive Comparison","","In 2026, the gap between AI-powered social media services and traditional agencies is no longer a difference of degree — it is a difference of business model. Across Manufacturing, IT, Education, and Real Estate, Indian businesses switching to AI-augmented social media are seeing 2-4x higher qualified lead volume at 40-60% lower cost per lead.","","https://magicworksitsolutions.com/blog/ai-social-media-services-vs-traditional-agencies-2026","","1","0","28","0","6","0","index, follow","index, follow","","https://magicworksitsolutions.com/blog/ai-social-media-services-vs-traditional-agencies-2026","https://magicworksitsolutions.com/blog/ai-social-media-services-vs-traditional-agencies-2026","","","","",""
"https://magicworksitsolutions.com/blog/transform-your-business-with-the-best-digital-marketing-agency","200","OK","6811","0","","","Digital Marketing Agency Transformation India: 8 Capabilities That Drive Growth · MagicWorks","","How the Best Digital Marketing Agencies Transform Indian Businesses: 8 Real Capabilities That Matter","","Digital transformation through marketing is not about outsourcing your social media calendar. The Indian businesses growing fastest use their agencies as extensions of their leadership team — connecting marketing to revenue, customer intelligence to product, and brand to pipeline. Here is what genuine transformation looks like.","","https://magicworksitsolutions.com/blog/transform-your-business-with-the-best-digital-marketing-agency","","1","0","28","0","6","0","index, follow","index, follow","","https://magicworksitsolutions.com/blog/transform-your-business-with-the-best-digital-marketing-agency","https://magicworksitsolutions.com/blog/transform-your-business-with-the-best-digital-marketing-agency","","","","",""
"https://magicworksitsolutions.com/blog/social-media-marketing-company-pune-2026","200","OK","7439","0","","","Social Media Marketing Company Pune 2026: How to Choose the Right Partner · MagicWorks","","How to Choose the Right Social Media Marketing Company in Pune: The Complete 2026 Guide","","Pune has 200+ social media marketing companies competing for your business in 2026. The pitch decks look identical. The promises sound the same. The monthly fees are comparable. But the difference between a social media company that drives your pipeline and one that drives your content output will only appear in your 90-day results. Here is how to tell the difference before you sign.","","https://magicworksitsolutions.com/blog/social-media-marketing-company-pune-2026","","1","0","29","0","6","0","index, follow","index, follow","","https://magicworksitsolutions.com/blog/social-media-marketing-company-pune-2026","https://magicworksitsolutions.com/blog/social-media-marketing-company-pune-2026","","","","",""
"https://magicworksitsolutions.com/blog/beyond-code-what-sets-top-web-development-agencies-apart-from-the-rest","200","OK","6176","0","","","Top Web Development Agencies India 2026: How to Choose the Right Partner · MagicWorks","","Beyond Code: How to Identify and Choose India's Top Web Development Agencies in 2026","","India has over 26,000 registered web development companies. Choosing the wrong one costs businesses 3-5x the original project budget in rework, lost leads, and delayed launches. Here is the definitive framework for identifying agencies that build revenue-generating websites, not just good-looking ones.","","https://magicworksitsolutions.com/blog/beyond-code-what-sets-top-web-development-agencies-apart-from-the-rest","","1","0","28","0","6","0","index, follow","index, follow","","https://magicworksitsolutions.com/blog/beyond-code-what-sets-top-web-development-agencies-apart-from-the-rest","https://magicworksitsolutions.com/blog/beyond-code-what-sets-top-web-development-agencies-apart-from-the-rest","","","","",""
"https://magicworksitsolutions.com/blog/the-foundation-of-digital-success-strategic-web-design-development","200","OK","6889","0","","","Strategic Web Design and Development for Indian Businesses 2026 · MagicWorks","","The Foundation of Digital Success: Strategic Web Design and Development for Indian Businesses in 2026","","Your website is the only sales asset that works 24 hours a day, 365 days a year. Yet 67% of Indian business websites fail to generate a single inbound enquiry per week. Here is what separates a website that works from one that just exists.","","https://magicworksitsolutions.com/blog/the-foundation-of-digital-success-strategic-web-design-development","","1","0","28","0","6","0","index, follow","index, follow","","https://magicworksitsolutions.com/blog/the-foundation-of-digital-success-strategic-web-design-development","https://magicworksitsolutions.com/blog/the-foundation-of-digital-success-strategic-web-design-development","","","","",""
"https://magicworksitsolutions.com/blog/why-digital-transformation-fails-smes-india","200","OK","6529","0","","","Why Indian SME Digital Transformation Fails: 5 Root Causes and Fixes · MagicWorks","","Why 80% of Indian SMEs Fail at Digital Transformation -- And What the Smart 20% Do Differently","","80% of Indian SME digital transformation efforts fail to deliver measurable business results. Not because the technology is broken. Not because digital marketing does not work. Because these businesses are treating digital transformation as a collection of isolated activities rather than a coherent system. The other 20% think differently.","","https://magicworksitsolutions.com/blog/why-digital-transformation-fails-smes-india","","1","0","29","0","6","0","index, follow","index, follow","","https://magicworksitsolutions.com/blog/why-digital-transformation-fails-smes-india","https://magicworksitsolutions.com/blog/why-digital-transformation-fails-smes-india","","","","",""
"https://magicworksitsolutions.com/blog/4-proven-methods-to-increase-your-website-conversions","200","OK","7316","0","","","Increase Website Conversions India 2026: 7 Proven Methods · MagicWorks","","7 Proven Methods to Increase Website Conversions for Indian Businesses in 2026","","The average Indian website converts 1.2% of visitors into enquiries. The top 10% of Indian business websites convert 4-8%. The gap is not design. It is conversion architecture. Here are 7 methods that move the needle for Indian audiences specifically.","","https://magicworksitsolutions.com/blog/4-proven-methods-to-increase-your-website-conversions","","1","0","28","0","6","0","index, follow","index, follow","","https://magicworksitsolutions.com/blog/4-proven-methods-to-increase-your-website-conversions","https://magicworksitsolutions.com/blog/4-proven-methods-to-increase-your-website-conversions","","","","",""
"https://magicworksitsolutions.com/blog/why-strategic-digital-marketing-firms-are-critical-for-business-success","200","OK","8883","0","","","Why Strategic Digital Marketing Firms Drive Business Growth in India · MagicWorks","","Why Strategic Digital Marketing Firms Are Critical for Indian Business Growth in 2026","","Indian businesses collectively spend over Rs 30,000 crore annually on digital marketing. Less than 30% can attribute that spend to closed revenue. The gap is not platforms or budget. It is the difference between a tactical vendor and a strategic digital marketing firm. Here is what that difference actually looks like in practice.","","https://magicworksitsolutions.com/blog/why-strategic-digital-marketing-firms-are-critical-for-business-success","","1","0","28","0","6","0","index, follow","index, follow","","https://magicworksitsolutions.com/blog/why-strategic-digital-marketing-firms-are-critical-for-business-success","https://magicworksitsolutions.com/blog/why-strategic-digital-marketing-firms-are-critical-for-business-success","","","","",""
"https://magicworksitsolutions.com/blog/search-engine-marketing-b2b-google-ads-mistakes","200","OK","6288","0","","","Google Ads B2B India 2026: 7 Mistakes Draining Your Budget and How to Fix Them · MagicWorks","","Google Ads for Indian B2B: 7 Budget-Killing Mistakes and Exactly How to Fix Each One","","Indian B2B companies collectively waste an estimated Rs 8,000 crore per year on Google Ads that underperform. Not because Google Ads does not work. Because the accounts are set up incorrectly. Here are the 7 most damaging structural mistakes, with specific before-and-after fixes and realistic Indian market data.","","https://magicworksitsolutions.com/blog/search-engine-marketing-b2b-google-ads-mistakes","","1","0","28","0","6","0","index, follow","index, follow","","https://magicworksitsolutions.com/blog/search-engine-marketing-b2b-google-ads-mistakes","https://magicworksitsolutions.com/blog/search-engine-marketing-b2b-google-ads-mistakes","","","","",""
"https://magicworksitsolutions.com/blog/ai-investment-framework-indian-ceos-marketing-sales-2026","200","OK","5687","0","","","AI Investment Framework for Indian CEOs: 2026 Guide · MagicWorks","","The CEO’s Framework for AI Investment Decisions in Marketing and Sales: An Indian Operator’s Guide for 2026","","A CEO framework for AI investment decisions in marketing and sales for Indian businesses in 2026. Budget tiers, build vs buy, and what to shut down.","","https://magicworksitsolutions.com/blog/ai-investment-framework-indian-ceos-marketing-sales-2026","","26","0","25","0","20","0","index, follow","index, follow","","https://magicworksitsolutions.com/blog/ai-investment-framework-indian-ceos-marketing-sales-2026","https://magicworksitsolutions.com/blog/ai-investment-framework-indian-ceos-marketing-sales-2026","","","","",""
"https://magicworksitsolutions.com/blog/how-ai-transforms-performance-marketing-for-scalable-growth","200","OK","7493","0","","","AI in Performance Marketing India 2026: Tools, Impact, and ROI · MagicWorks","","How AI is Transforming Performance Marketing for Indian Brands: A Practical 2026 Guide","","AI is reducing cost-per-lead by 30-50% for Indian brands that deploy it correctly. But 70% of AI marketing implementations fail to move commercial metrics because the tools were adopted before the strategy was clear. Here is how AI actually works in performance marketing, and how Indian brands can use it to grow without growing headcount.","","https://magicworksitsolutions.com/blog/how-ai-transforms-performance-marketing-for-scalable-growth","","1","0","28","0","6","0","index, follow","index, follow","","https://magicworksitsolutions.com/blog/how-ai-transforms-performance-marketing-for-scalable-growth","https://magicworksitsolutions.com/blog/how-ai-transforms-performance-marketing-for-scalable-growth","","","","",""
"https://magicworksitsolutions.com/blog/the-startups-digital-rewire-how-a-top-digital-marketing-company-fuels-sustainable-growth","200","OK","6846","0","","","Digital Marketing for Indian Startups: The Complete 2026 Growth Playbook · MagicWorks","","The Startup Digital Playbook: How Top Digital Marketing Companies Fuel Sustainable Growth for Indian Startups","","India has 112,000+ recognized startups — the third largest startup ecosystem globally. The ones that grow from seed to scale without burning their marketing budget follow a repeatable playbook. Here is that playbook, built from how India's fastest-growing startups actually use digital marketing.","","https://magicworksitsolutions.com/blog/the-startups-digital-rewire-how-a-top-digital-marketing-company-fuels-sustainable-growth","","1","0","28","0","6","0","index, follow","index, follow","","https://magicworksitsolutions.com/blog/the-startups-digital-rewire-how-a-top-digital-marketing-company-fuels-sustainable-growth","https://magicworksitsolutions.com/blog/the-startups-digital-rewire-how-a-top-digital-marketing-company-fuels-sustainable-growth","","","","",""
"https://magicworksitsolutions.com/blog/ai-lead-qualification-b2b-india-sales-heads-2026","200","OK","7498","0","","","AI Lead Qualification for B2B India: 2026 Sales Head Guide · MagicWorks","","AI Lead Qualification for B2B India: How Sales Heads Should Build the Filter Before the Lead Volume Spike","","How Indian B2B sales heads should build AI lead qualification before the lead volume spike. WhatsApp benchmarks, rupee tiers, and 90-day plan.","","https://magicworksitsolutions.com/blog/ai-lead-qualification-b2b-india-sales-heads-2026","","26","0","25","0","24","0","index, follow","index, follow","","https://magicworksitsolutions.com/blog/ai-lead-qualification-b2b-india-sales-heads-2026","https://magicworksitsolutions.com/blog/ai-lead-qualification-b2b-india-sales-heads-2026","","","","",""
"https://magicworksitsolutions.com/blog/the-ultimate-guide-to-hiring-the-best-digital-marketing-agency","200","OK","7732","0","","","How to Hire the Best Digital Marketing Agency in India (2026) · MagicWorks","","How to Hire the Best Digital Marketing Agency in India: A Complete 2026 Guide","","India's digital marketing industry is worth over Rs 30,000 crore and growing 25% annually. Yet 60% of businesses that hire agencies are dissatisfied with results within 6 months. This guide tells you exactly what to look for, what to avoid, and how to find a partner that moves your revenue, not just your metrics.","","https://magicworksitsolutions.com/blog/the-ultimate-guide-to-hiring-the-best-digital-marketing-agency","","1","0","28","0","6","0","index, follow","index, follow","","https://magicworksitsolutions.com/blog/the-ultimate-guide-to-hiring-the-best-digital-marketing-agency","https://magicworksitsolutions.com/blog/the-ultimate-guide-to-hiring-the-best-digital-marketing-agency","","","","",""
"https://magicworksitsolutions.com/blog/9-essential-steps-to-start-your-online-business","200","OK","4170","0","","","9 Steps to Start an Online Business in India (2026 Guide) · MagicWorks","","9 Essential Steps to Start an Online Business in India in 2026","","80% of Indian online businesses fail within 3 years — not because the idea was wrong, but because the foundations were wrong. Here are the 9 steps that change that outcome.","","https://magicworksitsolutions.com/blog/9-essential-steps-to-start-your-online-business","","1","0","24","0","6","0","index, follow","index, follow","","https://magicworksitsolutions.com/blog/9-essential-steps-to-start-your-online-business","https://magicworksitsolutions.com/blog/9-essential-steps-to-start-your-online-business","","","","",""
"https://magicworksitsolutions.com/blog/indian-b2b-marketing-strategy-gap-explained","200","OK","8697","0","","","Indian B2B Marketing ROI Gap: 4 Strategy Fixes That Work in 2026 · MagicWorks","","Why Indian B2B Companies Spend More on Marketing and Get Less: The 4 Strategy Gaps Explained","","Most Indian B2B companies spend 6-8% of annual revenue on marketing and cannot connect it to pipeline. The CFO asks what the Rs 40 lakh marketing budget returned. The marketing lead pulls up clicks, impressions, and follower growth. Silence. This is not one company's problem -- it is the operating reality for most Indian B2B businesses. Here are the 4 gaps and how to close them.","","https://magicworksitsolutions.com/blog/indian-b2b-marketing-strategy-gap-explained","","1","0","28","0","6","0","index, follow","index, follow","","https://magicworksitsolutions.com/blog/indian-b2b-marketing-strategy-gap-explained","https://magicworksitsolutions.com/blog/indian-b2b-marketing-strategy-gap-explained","","","","",""
"https://magicworksitsolutions.com/blog/how-performance-marketing-agencies-help-brands-move-from-spend-to-scale","200","OK","6865","0","","","Performance Marketing Agencies India 2026: From Spend to Scale · MagicWorks","","From Spend to Scale: How Performance Marketing Agencies Drive Measurable Growth for Indian Brands","","India's digital advertising market will exceed Rs 55,000 crore in 2026. Yet most Indian brands cannot tell you what their last campaign generated in revenue. Performance marketing is not a channel. It is a management philosophy that ties every rupee to a measurable outcome.","","https://magicworksitsolutions.com/blog/how-performance-marketing-agencies-help-brands-move-from-spend-to-scale","","1","0","28","0","6","0","index, follow","index, follow","","https://magicworksitsolutions.com/blog/how-performance-marketing-agencies-help-brands-move-from-spend-to-scale","https://magicworksitsolutions.com/blog/how-performance-marketing-agencies-help-brands-move-from-spend-to-scale","","","","",""
"https://magicworksitsolutions.com/blog/strengthen-your-content-strategy-with-customer-input","200","OK","8763","0","","","Customer-Led Content Strategy for Indian Businesses: 2026 Guide · MagicWorks","","How to Build a Customer-Led Content Strategy That Actually Converts: India 2026 Guide","","78% of Indian B2B buyers consume 3 or more pieces of content before speaking to a vendor. Yet most Indian businesses create content based on what they think their audience wants. Here is a practical system for building content from customer intelligence rather than guesswork.","","https://magicworksitsolutions.com/blog/strengthen-your-content-strategy-with-customer-input","","1","0","28","0","6","0","index, follow","index, follow","","https://magicworksitsolutions.com/blog/strengthen-your-content-strategy-with-customer-input","https://magicworksitsolutions.com/blog/strengthen-your-content-strategy-with-customer-input","","","","",""
"https://magicworksitsolutions.com/blog/geo-for-indian-businesses-2026","200","OK","5117","0","","","GEO for Indian Businesses: Get Cited by AI Search in 2026 · MagicWorks","","GEO for Indian Businesses: How to Get Cited by AI Search in 2026","","How Indian businesses can earn AI-search citations across ChatGPT, Claude, Copilot, Gemini, Google AI Mode and Perplexity. 90-day GEO playbook.","","https://magicworksitsolutions.com/blog/geo-for-indian-businesses-2026","","1","0","25","0","19","0","index, follow","index, follow","","https://magicworksitsolutions.com/blog/geo-for-indian-businesses-2026","https://magicworksitsolutions.com/blog/geo-for-indian-businesses-2026","","","","",""
"https://magicworksitsolutions.com/services/digital-marketing/site-performance-conversion","200","OK","420","0","","","Site Performance & Conversion Optimisation · MagicWorks · MagicWorks","","Stop paying for clicks your site loses.","","Recover ad ROI on a slow or leaky site. Core Web Vitals, load time, and landing-page conversion, fixed scope, with measurable before-and-after numbers.","","https://magicworksitsolutions.com/services/digital-marketing/site-performance-conversion","","7","0","24","0","6","0","index, follow","index, follow","","https://magicworksitsolutions.com/services/digital-marketing/site-performance-conversion","https://magicworksitsolutions.com/services/digital-marketing/site-performance-conversion","","","","",""
"https://magicworksitsolutions.com/services/digital-marketing/linkedin-organic-social","200","OK","371","0","","","LinkedIn & B2B Organic Social · MagicWorks · MagicWorks","","Build a B2B reputation worth following.","","A LinkedIn-led organic presence for B2B brands and founders, including executive thought-leadership ghostwriting and employee advocacy.","","https://magicworksitsolutions.com/services/digital-marketing/linkedin-organic-social","","4","0","25","0","6","0","index, follow","index, follow","","https://magicworksitsolutions.com/services/digital-marketing/linkedin-organic-social","https://magicworksitsolutions.com/services/digital-marketing/linkedin-organic-social","","","","",""
"https://magicworksitsolutions.com/work/simplidistance-mba-enrollments","200","OK","247","0","","","SimpliDistance Scales MBA Enrollments With High-Intent Search Advertising · MagicWorks","","SimpliDistance Scales MBA Enrollments With High-Intent Search Advertising","","SimpliDistance is one of India's fastest-growing portals for distance and online MBA admissions, connecting students with universities across multiple prog","","https://magicworksitsolutions.com/work/simplidistance-mba-enrollments","","2","0","21","0","6","0","index, follow","index, follow","","https://magicworksitsolutions.com/work/simplidistance-mba-enrollments","https://magicworksitsolutions.com/work/simplidistance-mba-enrollments","","","","",""
"https://magicworksitsolutions.com/blog/the-essential-guide-to-social-media-marketing-dos-and-donts","200","OK","9513","0","","","Social Media Marketing India 2026: Dos, Donts and Best Practices · MagicWorks","","The Complete Social Media Marketing Guide for Indian Businesses: Dos, Donts, and What Actually Works in 2026","","India has 500M+ social media users across Instagram, LinkedIn, YouTube, and WhatsApp. The businesses growing fastest on social media are not posting more. They are posting with a system. Here is the complete dos and donts framework for Indian businesses in 2026, platform by platform.","","https://magicworksitsolutions.com/blog/the-essential-guide-to-social-media-marketing-dos-and-donts","","1","0","28","0","6","0","index, follow","index, follow","","https://magicworksitsolutions.com/blog/the-essential-guide-to-social-media-marketing-dos-and-donts","https://magicworksitsolutions.com/blog/the-essential-guide-to-social-media-marketing-dos-and-donts","","","","",""
"https://magicworksitsolutions.com/services/digital-marketing/google-ads-search-marketing","200","OK","405","0","","","Google Ads & Search Marketing Agency · MagicWorks · MagicWorks","","Paid search that scales, without the wasted spend.","","Search, Performance Max, Display, and YouTube campaigns with proper tracking and audiences. Paid acquisition built to scale, with a commission tier for larger spends.","","https://magicworksitsolutions.com/services/digital-marketing/google-ads-search-marketing","","7","0","25","0","6","0","index, follow","index, follow","","https://magicworksitsolutions.com/services/digital-marketing/google-ads-search-marketing","https://magicworksitsolutions.com/services/digital-marketing/google-ads-search-marketing","","","","",""
"https://magicworksitsolutions.com/services/digital-marketing/email-marketing","200","OK","380","0","","","Email Marketing & Lifecycle Automation · MagicWorks · MagicWorks","","The channel you own, working harder.","","List building, nurture sequences, broadcasts, and lifecycle automation that turn contacts into customers. Standalone or part of a full-funnel programme.","","https://magicworksitsolutions.com/services/digital-marketing/email-marketing","","3","0","25","0","6","0","index, follow","index, follow","","https://magicworksitsolutions.com/services/digital-marketing/email-marketing","https://magicworksitsolutions.com/services/digital-marketing/email-marketing","","","","",""
"https://magicworksitsolutions.com/services/digital-marketing/meta-ads","200","OK","405","0","","","Meta Ads · Facebook & Instagram Advertising · MagicWorks · MagicWorks","","Demand and discovery on Facebook and Instagram.","","Facebook and Instagram campaigns with strong creative and audience automation, often paired with Google Ads for a true full-funnel motion.","","https://magicworksitsolutions.com/services/digital-marketing/meta-ads","","5","0","25","0","6","0","index, follow","index, follow","","https://magicworksitsolutions.com/services/digital-marketing/meta-ads","https://magicworksitsolutions.com/services/digital-marketing/meta-ads","","","","",""
"https://magicworksitsolutions.com/services/digital-marketing/thought-leadership-geo","200","OK","433","0","","","Thought Leadership & Generative-Engine Visibility · MagicWorks · MagicWorks","","Become the source the experts and the engines cite.","","Founder-attributed content as a sustained programme, built to earn citations in AI answer engines, not just rankings.","","https://magicworksitsolutions.com/services/digital-marketing/thought-leadership-geo","","5","0","25","0","6","0","index, follow","index, follow","","https://magicworksitsolutions.com/services/digital-marketing/thought-leadership-geo","https://magicworksitsolutions.com/services/digital-marketing/thought-leadership-geo","","","","",""
"https://magicworksitsolutions.com/services/digital-marketing/youtube-video-optimisation","200","OK","362","0","","","YouTube Video Optimisation & Channel Growth · MagicWorks · MagicWorks","","Turn your videos into a discovery channel.","","Organic YouTube growth done right: channel hygiene, video SEO, thumbnails, and retention. For brands and founders with a video pipeline.","","https://magicworksitsolutions.com/services/digital-marketing/youtube-video-optimisation","","3","0","25","0","6","0","index, follow","index, follow","","https://magicworksitsolutions.com/services/digital-marketing/youtube-video-optimisation","https://magicworksitsolutions.com/services/digital-marketing/youtube-video-optimisation","","","","",""
"https://magicworksitsolutions.com/services/digital-marketing/gmb-optimisation","200","OK","347","0","","","Google Business Profile & Local SEO · MagicWorks · MagicWorks","","Win the map, win the nearby buyer.","","Show up first when nearby buyers search. Google Business Profile management, reviews, and local-pack ranking, standalone or inside an SEO retainer.","","https://magicworksitsolutions.com/services/digital-marketing/gmb-optimisation","","4","0","25","0","6","0","index, follow","index, follow","","https://magicworksitsolutions.com/services/digital-marketing/gmb-optimisation","https://magicworksitsolutions.com/services/digital-marketing/gmb-optimisation","","","","",""
"https://magicworksitsolutions.com/services/digital-marketing/full-funnel-programme","200","OK","457","0","","","Full-Funnel Digital Marketing Programme · MagicWorks · MagicWorks","","The complete motion, accountable to one number.","","Google Ads, SEO, Meta, email, and reporting run as one quarterly programme with a single point of contact. The complete motion, accountable to one number.","","https://magicworksitsolutions.com/services/digital-marketing/full-funnel-programme","","8","0","25","0","6","0","index, follow","index, follow","","https://magicworksitsolutions.com/services/digital-marketing/full-funnel-programme","https://magicworksitsolutions.com/services/digital-marketing/full-funnel-programme","","","","",""
"https://magicworksitsolutions.com/group","200","OK","328","0","","","The MagicWorks Group · MagicWorks","","One group, focused brands, clean boundaries.","","Three sibling brands alongside our services: MagicFlow AI for AI-powered lead capture, Magic Pipeline for CRM and revenue ops, and MagicWorks Host for hosting.","","https://magicworksitsolutions.com/group","","4","0","21","0","9","0","index, follow","index, follow","","https://magicworksitsolutions.com/group","https://magicworksitsolutions.com/group","","","","",""
"https://magicworksitsolutions.com/services/ai-consultation/embedded-advisor","200","OK","387","0","","","Embedded AI Advisor · MagicWorks · MagicWorks","","Senior AI judgment on call, while you execute.","","Senior AI judgment on call while your team or chosen vendors execute the roadmap. Monthly reviews, escalation support, quarterly re-prioritisation. A follow-on only.","","https://magicworksitsolutions.com/services/ai-consultation/embedded-advisor","","3","0","23","0","6","0","index, follow","index, follow","","https://magicworksitsolutions.com/services/ai-consultation/embedded-advisor","https://magicworksitsolutions.com/services/ai-consultation/embedded-advisor","","","","",""
"https://magicworksitsolutions.com/tools/ai-readiness-assessment","200","OK","254","0","","","AI Readiness Assessment · Free Quiz · MagicWorks","","How ready is your business for AI?","","Take MagicWorks' free five-minute AI readiness assessment to understand where your business stands and what to prioritise for AI adoption.","","https://magicworksitsolutions.com/tools/ai-readiness-assessment","","1","0","23","0","6","0","index, follow","index, follow","","https://magicworksitsolutions.com/tools/ai-readiness-assessment","https://magicworksitsolutions.com/tools/ai-readiness-assessment","","","","",""
"https://magicworksitsolutions.com/services/digital-marketing/seo-aeo","200","OK","430","0","","","Search Engine Optimization (SEO) & Answer Engine Optimization (AEO) · MagicWorks · MagicWorks","","Be found in search, and inside the answer.","","Be found in search and inside the answer. Technical SEO and answer engine optimisation across ChatGPT, Perplexity, and Google AI Overviews.","","https://magicworksitsolutions.com/services/digital-marketing/seo-aeo","","6","0","25","0","6","0","index, follow","index, follow","","https://magicworksitsolutions.com/services/digital-marketing/seo-aeo","https://magicworksitsolutions.com/services/digital-marketing/seo-aeo","","","","",""
"https://magicworksitsolutions.com/services/ai-consultation/workshop","200","OK","372","0","","","AI Literacy Workshop for Leadership · MagicWorks · MagicWorks","","Get your leadership team fluent in AI.","","One to three days to get your leadership team fluent in AI: what it can and cannot do, sharper vendor questions, and a shared vocabulary for AI decisions.","","https://magicworksitsolutions.com/services/ai-consultation/workshop","","4","0","24","0","6","0","index, follow","index, follow","","https://magicworksitsolutions.com/services/ai-consultation/workshop","https://magicworksitsolutions.com/services/ai-consultation/workshop","","","","",""
"https://magicworksitsolutions.com/services/ai-consultation/vendor-sprint","200","OK","387","0","","","AI Vendor & Build-vs-Buy Sprint · MagicWorks · MagicWorks","","Build, buy, or wait? A clear answer in weeks.","","Decided to act on a process but unsure which vendor, or whether to build or buy? A focused 2 to 4 week sprint: diagnosis, evaluation, and a clear recommendation.","","https://magicworksitsolutions.com/services/ai-consultation/vendor-sprint","","5","0","24","0","6","0","index, follow","index, follow","","https://magicworksitsolutions.com/services/ai-consultation/vendor-sprint","https://magicworksitsolutions.com/services/ai-consultation/vendor-sprint","","","","",""
"https://magicworksitsolutions.com/careers/web-developer-full-stack","200","OK","445","0","","","Web Developer (Full Stack: React, Node.js & AI Assisted) · Careers · MagicWorks · MagicWorks","","Web Developer (Full Stack: React, Node.js & AI Assisted)","","Build and ship client websites, internal tools, and AI-integrated products. Strong React.js skills and regular use of AI coding tools (Claude / Claude Code) required.","","https://magicworksitsolutions.com/careers/web-developer-full-stack","","2","0","22","0","6","0","index, follow","index, follow","","https://magicworksitsolutions.com/careers/web-developer-full-stack","https://magicworksitsolutions.com/careers/web-developer-full-stack","","","","",""
"https://magicworksitsolutions.com/careers/seo-aeo-geo-intern","200","OK","397","0","","","SEO / AEO / GEO Intern · Careers · MagicWorks · MagicWorks","","SEO / AEO / GEO Intern","","Join the search team and gain hands-on experience in SEO, AEO, and Generative Engine Optimisation (GEO), one of the most in-demand emerging skills. Work on live client projects from day one.","","https://magicworksitsolutions.com/careers/seo-aeo-geo-intern","","2","0","22","0","6","0","index, follow","index, follow","","https://magicworksitsolutions.com/careers/seo-aeo-geo-intern","https://magicworksitsolutions.com/careers/seo-aeo-geo-intern","","","","",""
"https://magicworksitsolutions.com/services/ai-consultation/process-audit","200","OK","689","0","","","AI Process Audit & Roadmap · MagicWorks · MagicWorks","","A defensible AI roadmap you can act on with any partner.","","A defensible map of where AI can and cannot help one or two named processes, with build-vs-buy decisions and a sequenced 12-month roadmap. 4 to 6 weeks.","","https://magicworksitsolutions.com/services/ai-consultation/process-audit","","6","0","25","0","6","0","index, follow","index, follow","","https://magicworksitsolutions.com/services/ai-consultation/process-audit","https://magicworksitsolutions.com/services/ai-consultation/process-audit","","","","",""
"https://magicworksitsolutions.com/careers/digital-marketing-intern","200","OK","288","0","","","Digital Marketing Intern · Careers · MagicWorks · MagicWorks","","Digital Marketing Intern","","Assist the digital marketing team across Google Ads, Meta, SEO, and content. Learn by doing on live client accounts.","","https://magicworksitsolutions.com/careers/digital-marketing-intern","","2","0","22","0","6","0","index, follow","index, follow","","https://magicworksitsolutions.com/careers/digital-marketing-intern","https://magicworksitsolutions.com/careers/digital-marketing-intern","","","","",""
"https://magicworksitsolutions.com/careers/performance-marketing-executive","200","OK","352","0","","","Performance Marketing Executive · Careers · MagicWorks · MagicWorks","","Performance Marketing Executive","","Run and optimise Google Ads and Meta campaigns for our clients across education, real estate, and manufacturing. Own campaign performance from setup to monthly reporting.","","https://magicworksitsolutions.com/careers/performance-marketing-executive","","2","0","22","0","6","0","index, follow","index, follow","","https://magicworksitsolutions.com/careers/performance-marketing-executive","https://magicworksitsolutions.com/careers/performance-marketing-executive","","","","",""
"https://magicworksitsolutions.com/careers/sales-executive-ai-product","200","OK","395","0","","","Sales Executive — AI Product · Careers · MagicWorks · MagicWorks","","Sales Executive — AI Product","","Own the full sales cycle for MagicFlow AI, our AI-powered lead qualification chatbot, from prospecting to close, targeting SMEs and growth-focused businesses.","","https://magicworksitsolutions.com/careers/sales-executive-ai-product","","2","0","22","0","6","0","index, follow","index, follow","","https://magicworksitsolutions.com/careers/sales-executive-ai-product","https://magicworksitsolutions.com/careers/sales-executive-ai-product","","","","",""
"https://magicworksitsolutions.com/careers/digital-marketing-sales-executive","200","OK","390","0","","","Digital Marketing Sales Executive · Careers · MagicWorks · MagicWorks","","Digital Marketing Sales Executive","","Sell integrated digital marketing services: SEO retainers, paid media, social, and content, to ambitious businesses. Prior agency sales experience required.","","https://magicworksitsolutions.com/careers/digital-marketing-sales-executive","","2","0","22","0","6","0","index, follow","index, follow","","https://magicworksitsolutions.com/careers/digital-marketing-sales-executive","https://magicworksitsolutions.com/careers/digital-marketing-sales-executive","","","","",""
"https://magicworksitsolutions.com/insights/reports/platform-strategy-checklist","200","OK","629","0","","","Platform Strategy Checklist (Free) · 22 Decisions Before You Build · MagicWorks","","The Platform Strategy Checklist","","Free checklist for marketplace and platform founders: the 22 decisions that determine whether a platform works, from business model to cold start to defensibility. Download with your email.","","https://magicworksitsolutions.com/insights/reports/platform-strategy-checklist","","2","0","23","0","6","0","index, follow","index, follow","","https://magicworksitsolutions.com/insights/reports/platform-strategy-checklist","https://magicworksitsolutions.com/insights/reports/platform-strategy-checklist","","","","",""
"https://magicworksitsolutions.com/careers/nextjs-developer","200","OK","651","0","","","Next.js Developer · Careers · MagicWorks · MagicWorks","","Next.js Developer","","Build and ship high-performance client websites, web applications, landing pages, internal tools, and AI-integrated digital products. Strong Next.js and React.js skills, clean TypeScript code, performance-focused development, and regular use of AI coding tools such as Claude Code, GitHub Copilot, or similar are required.","","https://magicworksitsolutions.com/careers/nextjs-developer","","2","0","22","0","6","0","index, follow","index, follow","","https://magicworksitsolutions.com/careers/nextjs-developer","https://magicworksitsolutions.com/careers/nextjs-developer","","","","",""
"https://magicworksitsolutions.com/careers/seo-executive","200","OK","387","0","","","SEO Executive · Careers · MagicWorks · MagicWorks","","SEO Executive","","Manage SEO, GEO (Generative Engine Optimisation), and AEO (Answer Engine Optimisation) for multiple clients from an agency background.","","https://magicworksitsolutions.com/careers/seo-executive","","2","0","22","0","6","0","index, follow","index, follow","","https://magicworksitsolutions.com/careers/seo-executive","https://magicworksitsolutions.com/careers/seo-executive","","","","",""
"https://magicworksitsolutions.com/careers/digital-marketing-manager","200","OK","392","0","","","Digital Marketing Manager · Careers · MagicWorks · MagicWorks","","Digital Marketing Manager","","Lead end-to-end digital marketing strategy for diverse client portfolios, managing cross-functional teams across SEO, paid media, social, content, and email.","","https://magicworksitsolutions.com/careers/digital-marketing-manager","","2","0","22","0","6","0","index, follow","index, follow","","https://magicworksitsolutions.com/careers/digital-marketing-manager","https://magicworksitsolutions.com/careers/digital-marketing-manager","","","","",""
"https://magicworksitsolutions.com/insights/reports/ai-readiness-playbook","200","OK","610","0","","","AI Readiness Playbook (Free) · A Founder's Guide to AI Without the Hype · MagicWorks","","The AI Readiness Playbook","","Free playbook for Indian founders: assess your AI readiness, find where AI pays off first, decide build vs buy, and get a real result in 90 days. Vendor-neutral. Download with your email.","","https://magicworksitsolutions.com/insights/reports/ai-readiness-playbook","","2","0","23","0","6","0","index, follow","index, follow","","https://magicworksitsolutions.com/insights/reports/ai-readiness-playbook","https://magicworksitsolutions.com/insights/reports/ai-readiness-playbook","","","","",""
"https://magicworksitsolutions.com/insights/reports/ai-native-website-spec-sheet","200","OK","651","0","","","AI-Native Website Spec Sheet (Free) · What to Demand From Your Next Build · MagicWorks","","The AI-Native Website Spec Sheet","","Free spec sheet for Indian businesses: exactly what to demand from your next website build so it performs, converts, and gets found in search and AI answers. Download with your email.","","https://magicworksitsolutions.com/insights/reports/ai-native-website-spec-sheet","","2","0","23","0","6","0","index, follow","index, follow","","https://magicworksitsolutions.com/insights/reports/ai-native-website-spec-sheet","https://magicworksitsolutions.com/insights/reports/ai-native-website-spec-sheet","","","","",""
"https://magicworksitsolutions.com/insights/reports/ai-search-visibility-playbook","200","OK","629","0","","","AI Search Visibility Playbook (Free) · Get Cited by ChatGPT & AI Search","","The AI Search Visibility Playbook","","Free playbook for Indian businesses: how to get found and cited inside ChatGPT, Perplexity, and Google AI Overviews. Practical, execution-led, no hype. Download with your email.","","https://magicworksitsolutions.com/insights/reports/ai-search-visibility-playbook","","2","0","23","0","6","0","index, follow","index, follow","","https://magicworksitsolutions.com/insights/reports/ai-search-visibility-playbook","https://magicworksitsolutions.com/insights/reports/ai-search-visibility-playbook","","","","",""
"https://magicworksitsolutions.com/insights/reports/manufacturers-growth-playbook","200","OK","597","0","","","The Manufacturer's Growth Playbook (Free) · From Referrals to Predictable Inbound · MagicWorks","","The Manufacturer's Growth Playbook","","Free playbook for Indian manufacturers: move from referrals to predictable inbound, the channels that actually work, and where AI fits. Practical, honest. Download with your email.","","https://magicworksitsolutions.com/insights/reports/manufacturers-growth-playbook","","2","0","23","0","6","0","index, follow","index, follow","","https://magicworksitsolutions.com/insights/reports/manufacturers-growth-playbook","https://magicworksitsolutions.com/insights/reports/manufacturers-growth-playbook","","","","",""
"https://magicworksitsolutions.com/insights/reports/ai-for-professional-services","200","OK","603","0","","","AI for Professional Services Firms (Free) · A Partner's Guide to Confidentiality, Process & ROI · MagicWorks","","AI for Professional Services Firms","","Free guide for partners at CA, law, consulting, and advisory firms: where AI creates value, how to handle confidentiality and risk, and a staged, safe path to adoption. Vendor-neutral. Download with your email.","","https://magicworksitsolutions.com/insights/reports/ai-for-professional-services","","2","0","23","0","6","0","index, follow","index, follow","","https://magicworksitsolutions.com/insights/reports/ai-for-professional-services","https://magicworksitsolutions.com/insights/reports/ai-for-professional-services","","","","",""
"https://magicworksitsolutions.com/authors/swapnil-ughade","200","OK","239","0","","","Swapnil Ughade · Author · MagicWorks","","Swapnil Ughade","","Swapnil Ughade is the Founder of MagicWorks IT Solutions and a seasoned digital marketing strategist with 20+ years of experience helping businesses grow through smart, data-driven strategies and AI-powered automation. He has a deep command of the full digital growth stack — from SEO, AEO, and Google Ads to social media, content marketing, and end-to-end AI workflow automation. His approach is always outcome-first: turning digital presence into measurable, predictable revenue for his clients. As an author, Swapnil distils complex marketing and AI concepts into clear, actionable frameworks that help business owners and marketers navigate the rapidly evolving digital landscape. His thinking sits at the intersection of search strategy, AI intelligence, and real-world business outcomes.","","https://magicworksitsolutions.com/authors/swapnil-ughade","","5","0","26","0","7","0","index, follow","index, follow","","https://magicworksitsolutions.com/authors/swapnil-ughade","https://magicworksitsolutions.com/authors/swapnil-ughade","","","","",""
