"Address","Indexability","Indexability Status","Crawl Depth","Link Score","Inlinks","Unique Inlinks","Unique JS Inlinks","% of Total","Outlinks","Unique Outlinks","Unique JS Outlinks","External Outlinks","Unique External Outlinks","Unique External JS Outlinks"
"https://magicworksitsolutions.com/","Indexable","","0","","248","101","0","100.000","42","22","0","6","6","0"
"https://magicworksitsolutions.com/services","Indexable","","1","","6","5","0","4.950","35","21","0","6","6","0"
"https://magicworksitsolutions.com/insights/reports","Indexable","","1","","107","101","0","100.000","38","28","0","6","6","0"
"https://magicworksitsolutions.com/careers","Indexable","","1","","121","101","0","100.000","40","30","0","6","6","0"
"https://magicworksitsolutions.com/industries/manufacturing","Indexable","","1","","203","101","0","100.000","34","21","0","6","6","0"
"https://magicworksitsolutions.com/services/ai-consultation","Indexable","","1","","220","101","0","100.000","39","27","0","6","6","0"
"https://magicworksitsolutions.com/group/magicflow-ai","Indexable","","1","","104","101","0","100.000","33","22","0","7","7","0"
"https://magicworksitsolutions.com/industries/professional-services","Indexable","","1","","203","101","0","100.000","33","21","0","6","6","0"
"https://magicworksitsolutions.com/services/digital-marketing","Indexable","","1","","227","101","0","100.000","46","33","0","6","6","0"
"https://magicworksitsolutions.com/industries/real-estate","Indexable","","1","","203","101","0","100.000","33","21","0","6","6","0"
"https://magicworksitsolutions.com/industries/education","Indexable","","1","","203","101","0","100.000","33","21","0","6","6","0"
"https://magicworksitsolutions.com/blog","Indexable","","1","","129","101","0","100.000","56","47","0","6","6","0"
"https://magicworksitsolutions.com/privacy","Non-Indexable","noindex","1","","119","101","0","100.000","44","21","0","6","6","0"
"https://magicworksitsolutions.com/work","Indexable","","1","","118","101","0","100.000","43","33","0","6","6","0"
"https://magicworksitsolutions.com/about","Indexable","","1","","101","101","0","100.000","33","22","0","6","6","0"
"https://magicworksitsolutions.com/terms","Non-Indexable","noindex","1","","121","101","0","100.000","60","23","0","6","6","0"
"https://magicworksitsolutions.com/group/magic-pipeline","Indexable","","1","","104","101","0","100.000","33","22","0","7","7","0"
"https://magicworksitsolutions.com/group/magicworks-host","Indexable","","1","","104","101","0","100.000","33","22","0","7","7","0"
"https://magicworksitsolutions.com/contact","Indexable","","1","","157","101","0","100.000","30","21","0","6","6","0"
"https://magicworksitsolutions.com/services/web-development","Indexable","","1","","212","101","0","100.000","39","25","0","6","6","0"
"https://magicworksitsolutions.com/insights/whitepapers","Indexable","","1","","105","101","0","100.000","34","24","0","8","8","0"
"https://magicworksitsolutions.com/services/web-development/maintenance-amc","Indexable","","2","","4","4","0","3.960","36","25","0","6","6","0"
"https://magicworksitsolutions.com/services/platform-consultation","Indexable","","1","","217","101","0","100.000","38","26","0","6","6","0"
"https://magicworksitsolutions.com/insights/whitepapers/ai-automation-readiness-indian-smes","Indexable","","2","","2","2","0","1.980","35","23","0","8","7","0"
"https://magicworksitsolutions.com/insights/whitepapers/performance-marketing-roi","Indexable","","2","","2","2","0","1.980","35","23","0","8","7","0"
"https://magicworksitsolutions.com/services/web-development/ai-native-websites","Indexable","","2","","4","4","0","3.960","36","25","0","6","6","0"
"https://magicworksitsolutions.com/services/platform-consultation/roadmap-audit","Indexable","","2","","7","5","0","4.950","36","25","0","6","6","0"
"https://magicworksitsolutions.com/services/web-development/ecommerce","Indexable","","2","","4","4","0","3.960","36","25","0","6","6","0"
"https://magicworksitsolutions.com/services/platform-consultation/advisory-sprint","Indexable","","2","","5","5","0","4.950","36","24","0","6","6","0"
"https://magicworksitsolutions.com/work/b2b-enterprise-software-abm-demos","Indexable","","2","","1","1","0","0.990","32","21","0","6","6","0"
"https://magicworksitsolutions.com/services/platform-consultation/workshop","Indexable","","2","","3","3","0","2.970","36","24","0","6","6","0"
"https://magicworksitsolutions.com/services/platform-consultation/embedded-advisor","Indexable","","2","","3","3","0","2.970","37","23","0","6","6","0"
"https://magicworksitsolutions.com/work/regional-retail-chain-footfall-growth","Indexable","","2","","1","1","0","0.990","32","21","0","6","6","0"
"https://magicworksitsolutions.com/work/commercial-contractor-b2b-project-inquiries","Indexable","","2","","1","1","0","0.990","32","21","0","6","6","0"
"https://magicworksitsolutions.com/work/boutique-resort-direct-booking-growth","Indexable","","2","","1","1","0","0.990","32","21","0","6","6","0"
"https://magicworksitsolutions.com/work/aishwaryam-real-estate-pipeline","Indexable","","2","","1","1","0","0.990","32","21","0","6","6","0"
"https://magicworksitsolutions.com/work/srj-steel-b2b-digital-presence","Indexable","","2","","1","1","0","0.990","32","21","0","6","6","0"
"https://magicworksitsolutions.com/work/multi-specialty-hospital-opd-growth","Indexable","","2","","1","1","0","0.990","32","21","0","6","6","0"
"https://magicworksitsolutions.com/work/design-institute-2x-inquiry-growth","Indexable","","2","","1","1","0","0.990","32","21","0","6","6","0"
"https://magicworksitsolutions.com/work/steel-manufacturer-b2b-rfq-growth","Indexable","","2","","1","1","0","0.990","32","21","0","6","6","0"
"https://magicworksitsolutions.com/work/trexova-wellness-tourism-pipeline","Indexable","","2","","1","1","0","0.990","32","21","0","6","6","0"
"https://magicworksitsolutions.com/work/d2c-lifestyle-brand-roas-growth","Indexable","","2","","1","1","0","0.990","32","21","0","6","6","0"
"https://magicworksitsolutions.com/blog/pune-businesses-ai-social-media-traditional-agencies-2026","Indexable","","2","","4","4","0","3.960","41","28","0","6","6","0"
"https://magicworksitsolutions.com/blog/real-cost-of-ai-indian-marketing-sales-2026","Indexable","","2","","26","26","0","25.740","38","25","0","22","21","0"
"https://magicworksitsolutions.com/blog/google-ai-mode-india-advertisers-2026","Indexable","","2","","1","1","0","0.990","38","25","0","18","17","0"
"https://magicworksitsolutions.com/blog/website-development-cost-india","Indexable","","2","","1","1","0","0.990","41","28","0","6","6","0"
"https://magicworksitsolutions.com/blog/ai-chatbot-vs-lead-forms-b2b-india","Indexable","","2","","1","1","0","0.990","41","28","0","6","6","0"
"https://magicworksitsolutions.com/blog/transform-your-online-presence-with-website-development-solutions-tailored-for-shopify","Indexable","","2","","1","1","0","0.990","42","28","0","6","6","0"
"https://magicworksitsolutions.com/blog/ai-social-media-services-vs-traditional-agencies-2026","Indexable","","2","","1","1","0","0.990","40","28","0","6","6","0"
"https://magicworksitsolutions.com/blog/transform-your-business-with-the-best-digital-marketing-agency","Indexable","","2","","1","1","0","0.990","40","28","0","6","6","0"
"https://magicworksitsolutions.com/blog/social-media-marketing-company-pune-2026","Indexable","","2","","1","1","0","0.990","41","29","0","6","6","0"
"https://magicworksitsolutions.com/blog/beyond-code-what-sets-top-web-development-agencies-apart-from-the-rest","Indexable","","2","","1","1","0","0.990","42","28","0","6","6","0"
"https://magicworksitsolutions.com/blog/the-foundation-of-digital-success-strategic-web-design-development","Indexable","","2","","1","1","0","0.990","40","28","0","6","6","0"
"https://magicworksitsolutions.com/blog/why-digital-transformation-fails-smes-india","Indexable","","2","","1","1","0","0.990","42","29","0","6","6","0"
"https://magicworksitsolutions.com/blog/4-proven-methods-to-increase-your-website-conversions","Indexable","","2","","1","1","0","0.990","40","28","0","6","6","0"
"https://magicworksitsolutions.com/blog/why-strategic-digital-marketing-firms-are-critical-for-business-success","Indexable","","2","","1","1","0","0.990","40","28","0","6","6","0"
"https://magicworksitsolutions.com/blog/search-engine-marketing-b2b-google-ads-mistakes","Indexable","","2","","1","1","0","0.990","40","28","0","6","6","0"
"https://magicworksitsolutions.com/blog/ai-investment-framework-indian-ceos-marketing-sales-2026","Indexable","","2","","26","26","0","25.740","38","25","0","21","20","0"
"https://magicworksitsolutions.com/blog/how-ai-transforms-performance-marketing-for-scalable-growth","Indexable","","2","","1","1","0","0.990","41","28","0","6","6","0"
"https://magicworksitsolutions.com/blog/the-startups-digital-rewire-how-a-top-digital-marketing-company-fuels-sustainable-growth","Indexable","","2","","1","1","0","0.990","40","28","0","6","6","0"
"https://magicworksitsolutions.com/blog/ai-lead-qualification-b2b-india-sales-heads-2026","Indexable","","2","","26","26","0","25.740","38","25","0","25","24","0"
"https://magicworksitsolutions.com/blog/the-ultimate-guide-to-hiring-the-best-digital-marketing-agency","Indexable","","2","","1","1","0","0.990","41","28","0","6","6","0"
"https://magicworksitsolutions.com/blog/9-essential-steps-to-start-your-online-business","Indexable","","2","","1","1","0","0.990","36","24","0","6","6","0"
"https://magicworksitsolutions.com/blog/indian-b2b-marketing-strategy-gap-explained","Indexable","","2","","1","1","0","0.990","41","28","0","6","6","0"
"https://magicworksitsolutions.com/blog/how-performance-marketing-agencies-help-brands-move-from-spend-to-scale","Indexable","","2","","1","1","0","0.990","40","28","0","6","6","0"
"https://magicworksitsolutions.com/blog/strengthen-your-content-strategy-with-customer-input","Indexable","","2","","1","1","0","0.990","40","28","0","6","6","0"
"https://magicworksitsolutions.com/blog/geo-for-indian-businesses-2026","Indexable","","2","","1","1","0","0.990","38","25","0","20","19","0"
"https://magicworksitsolutions.com/services/digital-marketing/site-performance-conversion","Indexable","","2","","7","7","0","6.930","36","24","0","6","6","0"
"https://magicworksitsolutions.com/services/digital-marketing/linkedin-organic-social","Indexable","","2","","4","4","0","3.960","36","25","0","6","6","0"
"https://magicworksitsolutions.com/work/simplidistance-mba-enrollments","Indexable","","2","","2","2","0","1.980","32","21","0","6","6","0"
"https://magicworksitsolutions.com/blog/the-essential-guide-to-social-media-marketing-dos-and-donts","Indexable","","2","","1","1","0","0.990","40","28","0","6","6","0"
"https://magicworksitsolutions.com/services/digital-marketing/google-ads-search-marketing","Indexable","","2","","7","7","0","6.930","36","25","0","6","6","0"
"https://magicworksitsolutions.com/services/digital-marketing/email-marketing","Indexable","","2","","3","3","0","2.970","36","25","0","6","6","0"
"https://magicworksitsolutions.com/services/digital-marketing/meta-ads","Indexable","","2","","5","5","0","4.950","36","25","0","6","6","0"
"https://magicworksitsolutions.com/services/digital-marketing/thought-leadership-geo","Indexable","","2","","5","5","0","4.950","36","25","0","6","6","0"
"https://magicworksitsolutions.com/services/digital-marketing/youtube-video-optimisation","Indexable","","2","","3","3","0","2.970","36","25","0","6","6","0"
"https://magicworksitsolutions.com/services/digital-marketing/gmb-optimisation","Indexable","","2","","4","4","0","3.960","36","25","0","6","6","0"
"https://magicworksitsolutions.com/services/digital-marketing/full-funnel-programme","Indexable","","2","","8","8","0","7.920","36","25","0","6","6","0"
"https://magicworksitsolutions.com/group","Indexable","","2","","4","4","0","3.960","34","21","0","9","9","0"
"https://magicworksitsolutions.com/services/ai-consultation/embedded-advisor","Indexable","","2","","3","3","0","2.970","37","23","0","6","6","0"
"https://magicworksitsolutions.com/tools/ai-readiness-assessment","Indexable","","2","","2","1","0","0.990","34","23","0","6","6","0"
"https://magicworksitsolutions.com/services/digital-marketing/seo-aeo","Indexable","","2","","6","6","0","5.940","36","25","0","6","6","0"
"https://magicworksitsolutions.com/services/ai-consultation/workshop","Indexable","","2","","4","4","0","3.960","36","24","0","6","6","0"
"https://magicworksitsolutions.com/services/ai-consultation/vendor-sprint","Indexable","","2","","5","5","0","4.950","36","24","0","6","6","0"
"https://magicworksitsolutions.com/careers/web-developer-full-stack","Indexable","","2","","2","2","0","1.980","34","22","0","6","6","0"
"https://magicworksitsolutions.com/careers/seo-aeo-geo-intern","Indexable","","2","","2","2","0","1.980","34","22","0","6","6","0"
"https://magicworksitsolutions.com/services/ai-consultation/process-audit","Indexable","","2","","8","6","0","5.940","36","25","0","6","6","0"
"https://magicworksitsolutions.com/careers/digital-marketing-intern","Indexable","","2","","2","2","0","1.980","34","22","0","6","6","0"
"https://magicworksitsolutions.com/careers/performance-marketing-executive","Indexable","","2","","2","2","0","1.980","34","22","0","6","6","0"
"https://magicworksitsolutions.com/careers/sales-executive-ai-product","Indexable","","2","","2","2","0","1.980","34","22","0","6","6","0"
"https://magicworksitsolutions.com/careers/digital-marketing-sales-executive","Indexable","","2","","2","2","0","1.980","34","22","0","6","6","0"
"https://magicworksitsolutions.com/insights/reports/platform-strategy-checklist","Indexable","","2","","2","2","0","1.980","34","23","0","6","6","0"
"https://magicworksitsolutions.com/careers/nextjs-developer","Indexable","","2","","2","2","0","1.980","34","22","0","6","6","0"
"https://magicworksitsolutions.com/careers/seo-executive","Indexable","","2","","2","2","0","1.980","34","22","0","6","6","0"
"https://magicworksitsolutions.com/careers/digital-marketing-manager","Indexable","","2","","2","2","0","1.980","34","22","0","6","6","0"
"https://magicworksitsolutions.com/insights/reports/ai-readiness-playbook","Indexable","","2","","2","2","0","1.980","34","23","0","6","6","0"
"https://magicworksitsolutions.com/insights/reports/ai-native-website-spec-sheet","Indexable","","2","","2","2","0","1.980","34","23","0","6","6","0"
"https://magicworksitsolutions.com/insights/reports/ai-search-visibility-playbook","Indexable","","2","","2","2","0","1.980","34","23","0","6","6","0"
"https://magicworksitsolutions.com/insights/reports/manufacturers-growth-playbook","Indexable","","2","","2","2","0","1.980","34","23","0","6","6","0"
"https://magicworksitsolutions.com/insights/reports/ai-for-professional-services","Indexable","","2","","2","2","0","1.980","34","23","0","6","6","0"
"https://magicworksitsolutions.com/authors/swapnil-ughade","Indexable","","3","","10","5","0","4.950","35","26","0","7","7","0"
