"Address","Occurrences","Meta Keywords 1","Meta Keywords 1 Length","Indexability","Indexability Status"
"https://magicworksitsolutions.com/","1","digital marketing agency Pune,AI marketing agency India,performance marketing agency,SEO AEO agency Pune,web development Pune,AI consultation India","147","Indexable",""
"https://magicworksitsolutions.com/services","1","digital marketing agency Pune,AI marketing agency India,performance marketing agency,SEO AEO agency Pune,web development Pune,AI consultation India","147","Indexable",""
"https://magicworksitsolutions.com/insights/reports","1","digital marketing agency Pune,AI marketing agency India,performance marketing agency,SEO AEO agency Pune,web development Pune,AI consultation India","147","Indexable",""
"https://magicworksitsolutions.com/careers","1","digital marketing agency Pune,AI marketing agency India,performance marketing agency,SEO AEO agency Pune,web development Pune,AI consultation India","147","Indexable",""
"https://magicworksitsolutions.com/industries/manufacturing","1","digital marketing agency Pune,AI marketing agency India,performance marketing agency,SEO AEO agency Pune,web development Pune,AI consultation India","147","Indexable",""
"https://magicworksitsolutions.com/services/ai-consultation","1","digital marketing agency Pune,AI marketing agency India,performance marketing agency,SEO AEO agency Pune,web development Pune,AI consultation India","147","Indexable",""
"https://magicworksitsolutions.com/group/magicflow-ai","1","digital marketing agency Pune,AI marketing agency India,performance marketing agency,SEO AEO agency Pune,web development Pune,AI consultation India","147","Indexable",""
"https://magicworksitsolutions.com/industries/professional-services","1","digital marketing agency Pune,AI marketing agency India,performance marketing agency,SEO AEO agency Pune,web development Pune,AI consultation India","147","Indexable",""
"https://magicworksitsolutions.com/services/digital-marketing","1","digital marketing agency Pune,AI marketing agency India,performance marketing agency,SEO AEO agency Pune,web development Pune,AI consultation India","147","Indexable",""
"https://magicworksitsolutions.com/industries/real-estate","1","digital marketing agency Pune,AI marketing agency India,performance marketing agency,SEO AEO agency Pune,web development Pune,AI consultation India","147","Indexable",""
"https://magicworksitsolutions.com/industries/education","1","digital marketing agency Pune,AI marketing agency India,performance marketing agency,SEO AEO agency Pune,web development Pune,AI consultation India","147","Indexable",""
"https://magicworksitsolutions.com/blog","1","digital marketing agency Pune,AI marketing agency India,performance marketing agency,SEO AEO agency Pune,web development Pune,AI consultation India","147","Indexable",""
"https://magicworksitsolutions.com/privacy","1","digital marketing agency Pune,AI marketing agency India,performance marketing agency,SEO AEO agency Pune,web development Pune,AI consultation India","147","Non-Indexable","noindex"
"https://magicworksitsolutions.com/work","1","digital marketing agency Pune,AI marketing agency India,performance marketing agency,SEO AEO agency Pune,web development Pune,AI consultation India","147","Indexable",""
"https://magicworksitsolutions.com/about","1","digital marketing agency Pune,AI marketing agency India,performance marketing agency,SEO AEO agency Pune,web development Pune,AI consultation India","147","Indexable",""
"https://magicworksitsolutions.com/terms","1","digital marketing agency Pune,AI marketing agency India,performance marketing agency,SEO AEO agency Pune,web development Pune,AI consultation India","147","Non-Indexable","noindex"
"https://magicworksitsolutions.com/group/magic-pipeline","1","digital marketing agency Pune,AI marketing agency India,performance marketing agency,SEO AEO agency Pune,web development Pune,AI consultation India","147","Indexable",""
"https://magicworksitsolutions.com/group/magicworks-host","1","digital marketing agency Pune,AI marketing agency India,performance marketing agency,SEO AEO agency Pune,web development Pune,AI consultation India","147","Indexable",""
"https://magicworksitsolutions.com/contact","1","digital marketing agency Pune,AI marketing agency India,performance marketing agency,SEO AEO agency Pune,web development Pune,AI consultation India","147","Indexable",""
"https://magicworksitsolutions.com/services/web-development","1","digital marketing agency Pune,AI marketing agency India,performance marketing agency,SEO AEO agency Pune,web development Pune,AI consultation India","147","Indexable",""
"https://magicworksitsolutions.com/insights/whitepapers","1","digital marketing agency Pune,AI marketing agency India,performance marketing agency,SEO AEO agency Pune,web development Pune,AI consultation India","147","Indexable",""
"https://magicworksitsolutions.com/services/web-development/maintenance-amc","1","digital marketing agency Pune,AI marketing agency India,performance marketing agency,SEO AEO agency Pune,web development Pune,AI consultation India","147","Indexable",""
"https://magicworksitsolutions.com/services/platform-consultation","1","digital marketing agency Pune,AI marketing agency India,performance marketing agency,SEO AEO agency Pune,web development Pune,AI consultation India","147","Indexable",""
"https://magicworksitsolutions.com/insights/whitepapers/ai-automation-readiness-indian-smes","1","digital marketing agency Pune,AI marketing agency India,performance marketing agency,SEO AEO agency Pune,web development Pune,AI consultation India","147","Indexable",""
"https://magicworksitsolutions.com/insights/whitepapers/performance-marketing-roi","1","digital marketing agency Pune,AI marketing agency India,performance marketing agency,SEO AEO agency Pune,web development Pune,AI consultation India","147","Indexable",""
"https://magicworksitsolutions.com/services/web-development/ai-native-websites","1","digital marketing agency Pune,AI marketing agency India,performance marketing agency,SEO AEO agency Pune,web development Pune,AI consultation India","147","Indexable",""
"https://magicworksitsolutions.com/services/platform-consultation/roadmap-audit","1","digital marketing agency Pune,AI marketing agency India,performance marketing agency,SEO AEO agency Pune,web development Pune,AI consultation India","147","Indexable",""
"https://magicworksitsolutions.com/services/web-development/ecommerce","1","digital marketing agency Pune,AI marketing agency India,performance marketing agency,SEO AEO agency Pune,web development Pune,AI consultation India","147","Indexable",""
"https://magicworksitsolutions.com/services/platform-consultation/advisory-sprint","1","digital marketing agency Pune,AI marketing agency India,performance marketing agency,SEO AEO agency Pune,web development Pune,AI consultation India","147","Indexable",""
"https://magicworksitsolutions.com/work/b2b-enterprise-software-abm-demos","1","digital marketing agency Pune,AI marketing agency India,performance marketing agency,SEO AEO agency Pune,web development Pune,AI consultation India","147","Indexable",""
"https://magicworksitsolutions.com/services/platform-consultation/workshop","1","digital marketing agency Pune,AI marketing agency India,performance marketing agency,SEO AEO agency Pune,web development Pune,AI consultation India","147","Indexable",""
"https://magicworksitsolutions.com/services/platform-consultation/embedded-advisor","1","digital marketing agency Pune,AI marketing agency India,performance marketing agency,SEO AEO agency Pune,web development Pune,AI consultation India","147","Indexable",""
"https://magicworksitsolutions.com/work/regional-retail-chain-footfall-growth","1","digital marketing agency Pune,AI marketing agency India,performance marketing agency,SEO AEO agency Pune,web development Pune,AI consultation India","147","Indexable",""
"https://magicworksitsolutions.com/work/commercial-contractor-b2b-project-inquiries","1","digital marketing agency Pune,AI marketing agency India,performance marketing agency,SEO AEO agency Pune,web development Pune,AI consultation India","147","Indexable",""
"https://magicworksitsolutions.com/work/boutique-resort-direct-booking-growth","1","digital marketing agency Pune,AI marketing agency India,performance marketing agency,SEO AEO agency Pune,web development Pune,AI consultation India","147","Indexable",""
"https://magicworksitsolutions.com/work/aishwaryam-real-estate-pipeline","1","digital marketing agency Pune,AI marketing agency India,performance marketing agency,SEO AEO agency Pune,web development Pune,AI consultation India","147","Indexable",""
"https://magicworksitsolutions.com/work/srj-steel-b2b-digital-presence","1","digital marketing agency Pune,AI marketing agency India,performance marketing agency,SEO AEO agency Pune,web development Pune,AI consultation India","147","Indexable",""
"https://magicworksitsolutions.com/work/multi-specialty-hospital-opd-growth","1","digital marketing agency Pune,AI marketing agency India,performance marketing agency,SEO AEO agency Pune,web development Pune,AI consultation India","147","Indexable",""
"https://magicworksitsolutions.com/work/design-institute-2x-inquiry-growth","1","digital marketing agency Pune,AI marketing agency India,performance marketing agency,SEO AEO agency Pune,web development Pune,AI consultation India","147","Indexable",""
"https://magicworksitsolutions.com/work/steel-manufacturer-b2b-rfq-growth","1","digital marketing agency Pune,AI marketing agency India,performance marketing agency,SEO AEO agency Pune,web development Pune,AI consultation India","147","Indexable",""
"https://magicworksitsolutions.com/work/trexova-wellness-tourism-pipeline","1","digital marketing agency Pune,AI marketing agency India,performance marketing agency,SEO AEO agency Pune,web development Pune,AI consultation India","147","Indexable",""
"https://magicworksitsolutions.com/work/d2c-lifestyle-brand-roas-growth","1","digital marketing agency Pune,AI marketing agency India,performance marketing agency,SEO AEO agency Pune,web development Pune,AI consultation India","147","Indexable",""
"https://magicworksitsolutions.com/blog/pune-businesses-ai-social-media-traditional-agencies-2026","1","AI social media Pune,social media services Pune,AI marketing Pune,digital marketing Pune 2026,B2B social media Pune,Pune manufacturing digital marketing","152","Indexable",""
"https://magicworksitsolutions.com/blog/real-cost-of-ai-indian-marketing-sales-2026","1","AI cost India,AI implementation India,marketing automation India,AI chatbot cost India,AI ROI India,hidden costs AI India,AI investment India 2026,education AI India","165","Indexable",""
"https://magicworksitsolutions.com/blog/google-ai-mode-india-advertisers-2026","1","Google AI Mode India,AI Max for Search 2026,AI Overview ads India,Google Ads September 2026,DSA upgrade India,Performance Max India","131","Indexable",""
"https://magicworksitsolutions.com/blog/website-development-cost-india","1","website development cost India,website cost India,cheap website India,website ROI India,professional website India,website development pricing India","148","Indexable",""
"https://magicworksitsolutions.com/blog/ai-chatbot-vs-lead-forms-b2b-india","1","AI chatbot B2B India,lead generation B2B India,AI chatbot vs lead form,B2B lead conversion India,website lead capture India,chatbot ROI India","141","Indexable",""
"https://magicworksitsolutions.com/blog/transform-your-online-presence-with-website-development-solutions-tailored-for-shopify","1","Shopify India,Shopify development India,Shopify e-commerce India,D2C India Shopify,Shopify website cost India,Shopify store setup India","135","Indexable",""
"https://magicworksitsolutions.com/blog/ai-social-media-services-vs-traditional-agencies-2026","1","AI social media India,AI social media agency India,social media marketing 2026,AI marketing India,social media vs traditional agency,B2B social media AI India","158","Indexable",""
"https://magicworksitsolutions.com/blog/transform-your-business-with-the-best-digital-marketing-agency","1","digital marketing transformation India,best digital marketing agency India,digital marketing services India,marketing agency ROI India,digital marketing business transformation,business growth digital marketing","210","Indexable",""
"https://magicworksitsolutions.com/blog/social-media-marketing-company-pune-2026","1","social media marketing company Pune,social media agency Pune,LinkedIn marketing Pune,Instagram marketing Pune,digital marketing Pune,B2B social media Pune","154","Indexable",""
"https://magicworksitsolutions.com/blog/beyond-code-what-sets-top-web-development-agencies-apart-from-the-rest","1","web development agency India,best web development companies India,choose web development agency India,web development cost India,top web developers India,website agency India","174","Indexable",""
"https://magicworksitsolutions.com/blog/the-foundation-of-digital-success-strategic-web-design-development","1","web design India,web development India,strategic web design,website development India,mobile-first web design,website conversion India","134","Indexable",""
"https://magicworksitsolutions.com/blog/why-digital-transformation-fails-smes-india","1","digital transformation India SME,SME digital transformation,Indian SME marketing,digital transformation failure India,SME marketing strategy India,digital transformation ROI India","179","Indexable",""
"https://magicworksitsolutions.com/blog/4-proven-methods-to-increase-your-website-conversions","1","website conversion optimization India,CRO India,increase website conversions,website conversion rate India,landing page optimization India,lead generation website India","168","Indexable",""
"https://magicworksitsolutions.com/blog/why-strategic-digital-marketing-firms-are-critical-for-business-success","1","strategic digital marketing India,digital marketing firm India,digital marketing ROI India,best digital marketing firms India,performance marketing India,digital marketing strategy India","186","Indexable",""
"https://magicworksitsolutions.com/blog/search-engine-marketing-b2b-google-ads-mistakes","1","Google Ads India B2B,Google Ads mistakes India,B2B Google Ads India,PPC India,Google Ads optimization India,search engine marketing India","137","Indexable",""
"https://magicworksitsolutions.com/blog/ai-investment-framework-indian-ceos-marketing-sales-2026","1","AI investment India 2026,AI budget Indian business,build vs buy AI India,AI ROI marketing sales India,CEO AI framework,AI shutdown discipline India","147","Indexable",""
"https://magicworksitsolutions.com/blog/how-ai-transforms-performance-marketing-for-scalable-growth","1","AI performance marketing India,AI marketing tools India,machine learning marketing,AI advertising India,performance marketing AI 2026,AI marketing ROI","150","Indexable",""
"https://magicworksitsolutions.com/blog/the-startups-digital-rewire-how-a-top-digital-marketing-company-fuels-sustainable-growth","1","digital marketing for startups India,startup growth India,startup digital marketing strategy,Indian startup marketing,startup marketing budget India,startup digital playbook","173","Indexable",""
"https://magicworksitsolutions.com/blog/ai-lead-qualification-b2b-india-sales-heads-2026","1","AI lead qualification B2B India,WhatsApp lead qualification India,AI sales filter,speed to lead India,B2B lead scoring India 2026,AI BANT qualification","151","Indexable",""
"https://magicworksitsolutions.com/blog/the-ultimate-guide-to-hiring-the-best-digital-marketing-agency","1","hire digital marketing agency,digital marketing agency India,best digital marketing agency India,how to choose marketing agency,agency evaluation checklist,digital marketing ROI India","183","Indexable",""
"https://magicworksitsolutions.com/blog/9-essential-steps-to-start-your-online-business","1","online business India,start online business India,how to start online business,e-commerce India 2026,business plan India,Razorpay,Shopify India,digital marketing India,GST registration online business,Indian startup guide","221","Indexable",""
"https://magicworksitsolutions.com/blog/indian-b2b-marketing-strategy-gap-explained","1","B2B marketing India,B2B marketing strategy India,marketing ROI India,B2B lead generation India,revenue attribution India,Indian B2B marketing gap","145","Indexable",""
"https://magicworksitsolutions.com/blog/how-performance-marketing-agencies-help-brands-move-from-spend-to-scale","1","performance marketing India,performance marketing agency India,digital advertising India,performance marketing ROI,Google Ads India,Meta Ads India","146","Indexable",""
"https://magicworksitsolutions.com/blog/strengthen-your-content-strategy-with-customer-input","1","content strategy India,B2B content marketing India,customer research India,content marketing 2026,content marketing ROI,customer-led content","140","Indexable",""
"https://magicworksitsolutions.com/blog/geo-for-indian-businesses-2026","1","GEO India,generative engine optimization India,AI search citations,AEO 2026,ChatGPT citations India,GEO vs SEO,AI Mode India","124","Indexable",""
"https://magicworksitsolutions.com/services/digital-marketing/site-performance-conversion","1","digital marketing agency Pune,AI marketing agency India,performance marketing agency,SEO AEO agency Pune,web development Pune,AI consultation India","147","Indexable",""
"https://magicworksitsolutions.com/services/digital-marketing/linkedin-organic-social","1","digital marketing agency Pune,AI marketing agency India,performance marketing agency,SEO AEO agency Pune,web development Pune,AI consultation India","147","Indexable",""
"https://magicworksitsolutions.com/work/simplidistance-mba-enrollments","1","digital marketing agency Pune,AI marketing agency India,performance marketing agency,SEO AEO agency Pune,web development Pune,AI consultation India","147","Indexable",""
"https://magicworksitsolutions.com/blog/the-essential-guide-to-social-media-marketing-dos-and-donts","1","social media marketing India,social media strategy India,Instagram marketing India,LinkedIn marketing India,social media dos and donts,social media mistakes India","162","Indexable",""
"https://magicworksitsolutions.com/services/digital-marketing/google-ads-search-marketing","1","digital marketing agency Pune,AI marketing agency India,performance marketing agency,SEO AEO agency Pune,web development Pune,AI consultation India","147","Indexable",""
"https://magicworksitsolutions.com/services/digital-marketing/email-marketing","1","digital marketing agency Pune,AI marketing agency India,performance marketing agency,SEO AEO agency Pune,web development Pune,AI consultation India","147","Indexable",""
"https://magicworksitsolutions.com/services/digital-marketing/meta-ads","1","digital marketing agency Pune,AI marketing agency India,performance marketing agency,SEO AEO agency Pune,web development Pune,AI consultation India","147","Indexable",""
"https://magicworksitsolutions.com/services/digital-marketing/thought-leadership-geo","1","digital marketing agency Pune,AI marketing agency India,performance marketing agency,SEO AEO agency Pune,web development Pune,AI consultation India","147","Indexable",""
"https://magicworksitsolutions.com/services/digital-marketing/youtube-video-optimisation","1","digital marketing agency Pune,AI marketing agency India,performance marketing agency,SEO AEO agency Pune,web development Pune,AI consultation India","147","Indexable",""
"https://magicworksitsolutions.com/services/digital-marketing/gmb-optimisation","1","digital marketing agency Pune,AI marketing agency India,performance marketing agency,SEO AEO agency Pune,web development Pune,AI consultation India","147","Indexable",""
"https://magicworksitsolutions.com/services/digital-marketing/full-funnel-programme","1","digital marketing agency Pune,AI marketing agency India,performance marketing agency,SEO AEO agency Pune,web development Pune,AI consultation India","147","Indexable",""
"https://magicworksitsolutions.com/group","1","digital marketing agency Pune,AI marketing agency India,performance marketing agency,SEO AEO agency Pune,web development Pune,AI consultation India","147","Indexable",""
"https://magicworksitsolutions.com/services/ai-consultation/embedded-advisor","1","digital marketing agency Pune,AI marketing agency India,performance marketing agency,SEO AEO agency Pune,web development Pune,AI consultation India","147","Indexable",""
"https://magicworksitsolutions.com/tools/ai-readiness-assessment","1","digital marketing agency Pune,AI marketing agency India,performance marketing agency,SEO AEO agency Pune,web development Pune,AI consultation India","147","Indexable",""
"https://magicworksitsolutions.com/services/digital-marketing/seo-aeo","1","digital marketing agency Pune,AI marketing agency India,performance marketing agency,SEO AEO agency Pune,web development Pune,AI consultation India","147","Indexable",""
"https://magicworksitsolutions.com/services/ai-consultation/workshop","1","digital marketing agency Pune,AI marketing agency India,performance marketing agency,SEO AEO agency Pune,web development Pune,AI consultation India","147","Indexable",""
"https://magicworksitsolutions.com/services/ai-consultation/vendor-sprint","1","digital marketing agency Pune,AI marketing agency India,performance marketing agency,SEO AEO agency Pune,web development Pune,AI consultation India","147","Indexable",""
"https://magicworksitsolutions.com/careers/web-developer-full-stack","1","digital marketing agency Pune,AI marketing agency India,performance marketing agency,SEO AEO agency Pune,web development Pune,AI consultation India","147","Indexable",""
"https://magicworksitsolutions.com/careers/seo-aeo-geo-intern","1","digital marketing agency Pune,AI marketing agency India,performance marketing agency,SEO AEO agency Pune,web development Pune,AI consultation India","147","Indexable",""
"https://magicworksitsolutions.com/services/ai-consultation/process-audit","1","digital marketing agency Pune,AI marketing agency India,performance marketing agency,SEO AEO agency Pune,web development Pune,AI consultation India","147","Indexable",""
"https://magicworksitsolutions.com/careers/digital-marketing-intern","1","digital marketing agency Pune,AI marketing agency India,performance marketing agency,SEO AEO agency Pune,web development Pune,AI consultation India","147","Indexable",""
"https://magicworksitsolutions.com/careers/performance-marketing-executive","1","digital marketing agency Pune,AI marketing agency India,performance marketing agency,SEO AEO agency Pune,web development Pune,AI consultation India","147","Indexable",""
"https://magicworksitsolutions.com/careers/sales-executive-ai-product","1","digital marketing agency Pune,AI marketing agency India,performance marketing agency,SEO AEO agency Pune,web development Pune,AI consultation India","147","Indexable",""
"https://magicworksitsolutions.com/careers/digital-marketing-sales-executive","1","digital marketing agency Pune,AI marketing agency India,performance marketing agency,SEO AEO agency Pune,web development Pune,AI consultation India","147","Indexable",""
"https://magicworksitsolutions.com/insights/reports/platform-strategy-checklist","1","digital marketing agency Pune,AI marketing agency India,performance marketing agency,SEO AEO agency Pune,web development Pune,AI consultation India","147","Indexable",""
"https://magicworksitsolutions.com/careers/nextjs-developer","1","digital marketing agency Pune,AI marketing agency India,performance marketing agency,SEO AEO agency Pune,web development Pune,AI consultation India","147","Indexable",""
"https://magicworksitsolutions.com/careers/seo-executive","1","digital marketing agency Pune,AI marketing agency India,performance marketing agency,SEO AEO agency Pune,web development Pune,AI consultation India","147","Indexable",""
"https://magicworksitsolutions.com/careers/digital-marketing-manager","1","digital marketing agency Pune,AI marketing agency India,performance marketing agency,SEO AEO agency Pune,web development Pune,AI consultation India","147","Indexable",""
"https://magicworksitsolutions.com/insights/reports/ai-readiness-playbook","1","digital marketing agency Pune,AI marketing agency India,performance marketing agency,SEO AEO agency Pune,web development Pune,AI consultation India","147","Indexable",""
"https://magicworksitsolutions.com/insights/reports/ai-native-website-spec-sheet","1","digital marketing agency Pune,AI marketing agency India,performance marketing agency,SEO AEO agency Pune,web development Pune,AI consultation India","147","Indexable",""
"https://magicworksitsolutions.com/insights/reports/ai-search-visibility-playbook","1","digital marketing agency Pune,AI marketing agency India,performance marketing agency,SEO AEO agency Pune,web development Pune,AI consultation India","147","Indexable",""
"https://magicworksitsolutions.com/insights/reports/manufacturers-growth-playbook","1","digital marketing agency Pune,AI marketing agency India,performance marketing agency,SEO AEO agency Pune,web development Pune,AI consultation India","147","Indexable",""
"https://magicworksitsolutions.com/insights/reports/ai-for-professional-services","1","digital marketing agency Pune,AI marketing agency India,performance marketing agency,SEO AEO agency Pune,web development Pune,AI consultation India","147","Indexable",""
"https://magicworksitsolutions.com/authors/swapnil-ughade","1","digital marketing agency Pune,AI marketing agency India,performance marketing agency,SEO AEO agency Pune,web development Pune,AI consultation India","147","Indexable",""
