"Address","Content Type","Status Code","Status","Indexability","Indexability Status"
"https://magicworksitsolutions.com/","text/html; charset=utf-8","200","OK","Indexable",""
"https://magicworksitsolutions.com/services","text/html; charset=utf-8","200","OK","Indexable",""
"https://magicworksitsolutions.com/insights/reports","text/html; charset=utf-8","200","OK","Indexable",""
"https://magicworksitsolutions.com/careers","text/html; charset=utf-8","200","OK","Indexable",""
"https://magicworksitsolutions.com/industries/manufacturing","text/html; charset=utf-8","200","OK","Indexable",""
"https://magicworksitsolutions.com/services/ai-consultation","text/html; charset=utf-8","200","OK","Indexable",""
"https://magicworksitsolutions.com/group/magicflow-ai","text/html; charset=utf-8","200","OK","Indexable",""
"https://magicworksitsolutions.com/industries/professional-services","text/html; charset=utf-8","200","OK","Indexable",""
"https://magicworksitsolutions.com/services/digital-marketing","text/html; charset=utf-8","200","OK","Indexable",""
"https://magicworksitsolutions.com/industries/real-estate","text/html; charset=utf-8","200","OK","Indexable",""
"https://magicworksitsolutions.com/industries/education","text/html; charset=utf-8","200","OK","Indexable",""
"https://magicworksitsolutions.com/blog","text/html; charset=utf-8","200","OK","Indexable",""
"https://magicworksitsolutions.com/privacy","text/html; charset=utf-8","200","OK","Non-Indexable","noindex"
"https://magicworksitsolutions.com/work","text/html; charset=utf-8","200","OK","Indexable",""
"https://magicworksitsolutions.com/about","text/html; charset=utf-8","200","OK","Indexable",""
"https://magicworksitsolutions.com/terms","text/html; charset=utf-8","200","OK","Non-Indexable","noindex"
"https://magicworksitsolutions.com/group/magic-pipeline","text/html; charset=utf-8","200","OK","Indexable",""
"https://magicworksitsolutions.com/group/magicworks-host","text/html; charset=utf-8","200","OK","Indexable",""
"https://magicworksitsolutions.com/contact","text/html; charset=utf-8","200","OK","Indexable",""
"https://magicworksitsolutions.com/services/web-development","text/html; charset=utf-8","200","OK","Indexable",""
"https://magicworksitsolutions.com/insights/whitepapers","text/html; charset=utf-8","200","OK","Indexable",""
"https://magicworksitsolutions.com/services/web-development/maintenance-amc","text/html; charset=utf-8","200","OK","Indexable",""
"https://magicworksitsolutions.com/services/platform-consultation","text/html; charset=utf-8","200","OK","Indexable",""
"https://magicworksitsolutions.com/insights/whitepapers/ai-automation-readiness-indian-smes","text/html; charset=utf-8","200","OK","Indexable",""
"https://magicworksitsolutions.com/insights/whitepapers/performance-marketing-roi","text/html; charset=utf-8","200","OK","Indexable",""
"https://magicworksitsolutions.com/services/web-development/ai-native-websites","text/html; charset=utf-8","200","OK","Indexable",""
"https://magicworksitsolutions.com/services/platform-consultation/roadmap-audit","text/html; charset=utf-8","200","OK","Indexable",""
"https://magicworksitsolutions.com/services/web-development/ecommerce","text/html; charset=utf-8","200","OK","Indexable",""
"https://magicworksitsolutions.com/services/platform-consultation/advisory-sprint","text/html; charset=utf-8","200","OK","Indexable",""
"https://magicworksitsolutions.com/work/b2b-enterprise-software-abm-demos","text/html; charset=utf-8","200","OK","Indexable",""
"https://magicworksitsolutions.com/services/platform-consultation/workshop","text/html; charset=utf-8","200","OK","Indexable",""
"https://magicworksitsolutions.com/services/platform-consultation/embedded-advisor","text/html; charset=utf-8","200","OK","Indexable",""
"https://magicworksitsolutions.com/work/regional-retail-chain-footfall-growth","text/html; charset=utf-8","200","OK","Indexable",""
"https://magicworksitsolutions.com/work/commercial-contractor-b2b-project-inquiries","text/html; charset=utf-8","200","OK","Indexable",""
"https://magicworksitsolutions.com/work/boutique-resort-direct-booking-growth","text/html; charset=utf-8","200","OK","Indexable",""
"https://magicworksitsolutions.com/work/aishwaryam-real-estate-pipeline","text/html; charset=utf-8","200","OK","Indexable",""
"https://magicworksitsolutions.com/work/srj-steel-b2b-digital-presence","text/html; charset=utf-8","200","OK","Indexable",""
"https://magicworksitsolutions.com/work/multi-specialty-hospital-opd-growth","text/html; charset=utf-8","200","OK","Indexable",""
"https://magicworksitsolutions.com/work/design-institute-2x-inquiry-growth","text/html; charset=utf-8","200","OK","Indexable",""
"https://magicworksitsolutions.com/work/steel-manufacturer-b2b-rfq-growth","text/html; charset=utf-8","200","OK","Indexable",""
"https://magicworksitsolutions.com/work/trexova-wellness-tourism-pipeline","text/html; charset=utf-8","200","OK","Indexable",""
"https://magicworksitsolutions.com/work/d2c-lifestyle-brand-roas-growth","text/html; charset=utf-8","200","OK","Indexable",""
"https://magicworksitsolutions.com/blog/pune-businesses-ai-social-media-traditional-agencies-2026","text/html; charset=utf-8","200","OK","Indexable",""
"https://magicworksitsolutions.com/blog/real-cost-of-ai-indian-marketing-sales-2026","text/html; charset=utf-8","200","OK","Indexable",""
"https://magicworksitsolutions.com/blog/google-ai-mode-india-advertisers-2026","text/html; charset=utf-8","200","OK","Indexable",""
"https://magicworksitsolutions.com/blog/website-development-cost-india","text/html; charset=utf-8","200","OK","Indexable",""
"https://magicworksitsolutions.com/blog/ai-chatbot-vs-lead-forms-b2b-india","text/html; charset=utf-8","200","OK","Indexable",""
"https://magicworksitsolutions.com/blog/transform-your-online-presence-with-website-development-solutions-tailored-for-shopify","text/html; charset=utf-8","200","OK","Indexable",""
"https://magicworksitsolutions.com/blog/ai-social-media-services-vs-traditional-agencies-2026","text/html; charset=utf-8","200","OK","Indexable",""
"https://magicworksitsolutions.com/blog/transform-your-business-with-the-best-digital-marketing-agency","text/html; charset=utf-8","200","OK","Indexable",""
"https://magicworksitsolutions.com/blog/social-media-marketing-company-pune-2026","text/html; charset=utf-8","200","OK","Indexable",""
"https://magicworksitsolutions.com/blog/beyond-code-what-sets-top-web-development-agencies-apart-from-the-rest","text/html; charset=utf-8","200","OK","Indexable",""
"https://magicworksitsolutions.com/blog/the-foundation-of-digital-success-strategic-web-design-development","text/html; charset=utf-8","200","OK","Indexable",""
"https://magicworksitsolutions.com/blog/why-digital-transformation-fails-smes-india","text/html; charset=utf-8","200","OK","Indexable",""
"https://magicworksitsolutions.com/blog/4-proven-methods-to-increase-your-website-conversions","text/html; charset=utf-8","200","OK","Indexable",""
"https://magicworksitsolutions.com/blog/why-strategic-digital-marketing-firms-are-critical-for-business-success","text/html; charset=utf-8","200","OK","Indexable",""
"https://magicworksitsolutions.com/blog/search-engine-marketing-b2b-google-ads-mistakes","text/html; charset=utf-8","200","OK","Indexable",""
"https://magicworksitsolutions.com/blog/ai-investment-framework-indian-ceos-marketing-sales-2026","text/html; charset=utf-8","200","OK","Indexable",""
"https://magicworksitsolutions.com/blog/how-ai-transforms-performance-marketing-for-scalable-growth","text/html; charset=utf-8","200","OK","Indexable",""
"https://magicworksitsolutions.com/blog/the-startups-digital-rewire-how-a-top-digital-marketing-company-fuels-sustainable-growth","text/html; charset=utf-8","200","OK","Indexable",""
"https://magicworksitsolutions.com/blog/ai-lead-qualification-b2b-india-sales-heads-2026","text/html; charset=utf-8","200","OK","Indexable",""
"https://magicworksitsolutions.com/blog/the-ultimate-guide-to-hiring-the-best-digital-marketing-agency","text/html; charset=utf-8","200","OK","Indexable",""
"https://magicworksitsolutions.com/blog/9-essential-steps-to-start-your-online-business","text/html; charset=utf-8","200","OK","Indexable",""
"https://magicworksitsolutions.com/blog/indian-b2b-marketing-strategy-gap-explained","text/html; charset=utf-8","200","OK","Indexable",""
"https://magicworksitsolutions.com/blog/how-performance-marketing-agencies-help-brands-move-from-spend-to-scale","text/html; charset=utf-8","200","OK","Indexable",""
"https://magicworksitsolutions.com/blog/strengthen-your-content-strategy-with-customer-input","text/html; charset=utf-8","200","OK","Indexable",""
"https://magicworksitsolutions.com/blog/geo-for-indian-businesses-2026","text/html; charset=utf-8","200","OK","Indexable",""
"https://magicworksitsolutions.com/services/digital-marketing/site-performance-conversion","text/html; charset=utf-8","200","OK","Indexable",""
"https://magicworksitsolutions.com/services/digital-marketing/linkedin-organic-social","text/html; charset=utf-8","200","OK","Indexable",""
"https://magicworksitsolutions.com/work/simplidistance-mba-enrollments","text/html; charset=utf-8","200","OK","Indexable",""
"https://magicworksitsolutions.com/blog/the-essential-guide-to-social-media-marketing-dos-and-donts","text/html; charset=utf-8","200","OK","Indexable",""
"https://magicworksitsolutions.com/services/digital-marketing/google-ads-search-marketing","text/html; charset=utf-8","200","OK","Indexable",""
"https://magicworksitsolutions.com/services/digital-marketing/email-marketing","text/html; charset=utf-8","200","OK","Indexable",""
"https://magicworksitsolutions.com/services/digital-marketing/meta-ads","text/html; charset=utf-8","200","OK","Indexable",""
"https://magicworksitsolutions.com/services/digital-marketing/thought-leadership-geo","text/html; charset=utf-8","200","OK","Indexable",""
"https://magicworksitsolutions.com/services/digital-marketing/youtube-video-optimisation","text/html; charset=utf-8","200","OK","Indexable",""
"https://magicworksitsolutions.com/services/digital-marketing/gmb-optimisation","text/html; charset=utf-8","200","OK","Indexable",""
"https://magicworksitsolutions.com/services/digital-marketing/full-funnel-programme","text/html; charset=utf-8","200","OK","Indexable",""
"https://magicworksitsolutions.com/group","text/html; charset=utf-8","200","OK","Indexable",""
"https://magicworksitsolutions.com/services/ai-consultation/embedded-advisor","text/html; charset=utf-8","200","OK","Indexable",""
"https://magicworksitsolutions.com/tools/ai-readiness-assessment","text/html; charset=utf-8","200","OK","Indexable",""
"https://magicworksitsolutions.com/services/digital-marketing/seo-aeo","text/html; charset=utf-8","200","OK","Indexable",""
"https://magicworksitsolutions.com/services/ai-consultation/workshop","text/html; charset=utf-8","200","OK","Indexable",""
"https://magicworksitsolutions.com/services/ai-consultation/vendor-sprint","text/html; charset=utf-8","200","OK","Indexable",""
"https://magicworksitsolutions.com/careers/web-developer-full-stack","text/html; charset=utf-8","200","OK","Indexable",""
"https://magicworksitsolutions.com/careers/seo-aeo-geo-intern","text/html; charset=utf-8","200","OK","Indexable",""
"https://magicworksitsolutions.com/services/ai-consultation/process-audit","text/html; charset=utf-8","200","OK","Indexable",""
"https://magicworksitsolutions.com/careers/digital-marketing-intern","text/html; charset=utf-8","200","OK","Indexable",""
"https://magicworksitsolutions.com/careers/performance-marketing-executive","text/html; charset=utf-8","200","OK","Indexable",""
"https://magicworksitsolutions.com/careers/sales-executive-ai-product","text/html; charset=utf-8","200","OK","Indexable",""
"https://magicworksitsolutions.com/careers/digital-marketing-sales-executive","text/html; charset=utf-8","200","OK","Indexable",""
"https://magicworksitsolutions.com/insights/reports/platform-strategy-checklist","text/html; charset=utf-8","200","OK","Indexable",""
"https://magicworksitsolutions.com/careers/nextjs-developer","text/html; charset=utf-8","200","OK","Indexable",""
"https://magicworksitsolutions.com/careers/seo-executive","text/html; charset=utf-8","200","OK","Indexable",""
"https://magicworksitsolutions.com/insights","text/html","308","Permanent Redirect","Non-Indexable","Redirected"
"https://magicworksitsolutions.com/careers/digital-marketing-manager","text/html; charset=utf-8","200","OK","Indexable",""
"https://magicworksitsolutions.com/insights/reports/ai-readiness-playbook","text/html; charset=utf-8","200","OK","Indexable",""
"https://magicworksitsolutions.com/insights/reports/ai-native-website-spec-sheet","text/html; charset=utf-8","200","OK","Indexable",""
"https://magicworksitsolutions.com/insights/reports/ai-search-visibility-playbook","text/html; charset=utf-8","200","OK","Indexable",""
"https://magicworksitsolutions.com/insights/strengthen-your-content-strategy-with-customer-input","text/html","308","Permanent Redirect","Non-Indexable","Redirected"
"https://magicworksitsolutions.com/insights/reports/manufacturers-growth-playbook","text/html; charset=utf-8","200","OK","Indexable",""
"https://magicworksitsolutions.com/insights/reports/ai-for-professional-services","text/html; charset=utf-8","200","OK","Indexable",""
"https://magicworksitsolutions.com/insights/why-digital-transformation-fails-smes-india","text/html","308","Permanent Redirect","Non-Indexable","Redirected"
"https://magicworksitsolutions.com/insights/ai-chatbot-vs-lead-forms-b2b-india","text/html","308","Permanent Redirect","Non-Indexable","Redirected"
"https://magicworksitsolutions.com/insights/transform-your-business-with-the-best-digital-marketing-agency","text/html","308","Permanent Redirect","Non-Indexable","Redirected"
"https://magicworksitsolutions.com/insights/9-essential-steps-to-start-your-online-business","text/html","308","Permanent Redirect","Non-Indexable","Redirected"
"https://magicworksitsolutions.com/insights/how-to-hire-a-digital-marketing-agency-india","text/html","308","Permanent Redirect","Non-Indexable","Redirected"
"https://magicworksitsolutions.com/insights/the-complete-guide-to-hiring-a-digital-marketing-agency-in-india-2026","text/html","308","Permanent Redirect","Non-Indexable","Redirected"
"https://magicworksitsolutions.com/insights/why-strategic-digital-marketing-firms-are-critical-for-business-success","text/html","308","Permanent Redirect","Non-Indexable","Redirected"
"https://magicworksitsolutions.com/insights/the-ultimate-guide-to-hiring-the-best-digital-marketing-agency","text/html","308","Permanent Redirect","Non-Indexable","Redirected"
"https://magicworksitsolutions.com/insights/how-performance-marketing-agencies-help-brands-move-from-spend-to-scale","text/html","308","Permanent Redirect","Non-Indexable","Redirected"
"https://magicworksitsolutions.com/insights/the-startups-digital-rewire-how-a-top-digital-marketing-company-fuels-sustainable-growth","text/html","308","Permanent Redirect","Non-Indexable","Redirected"
"https://magicworksitsolutions.com/insights/pune-businesses-ai-social-media-traditional-agencies-2026","text/html","308","Permanent Redirect","Non-Indexable","Redirected"
"https://magicworksitsolutions.com/insights/website-development-cost-india","text/html","308","Permanent Redirect","Non-Indexable","Redirected"
"https://magicworksitsolutions.com/insights/search-engine-marketing-b2b-google-ads-mistakes","text/html","308","Permanent Redirect","Non-Indexable","Redirected"
"https://magicworksitsolutions.com/insights/the-foundation-of-digital-success-strategic-web-design-development","text/html","308","Permanent Redirect","Non-Indexable","Redirected"
"https://magicworksitsolutions.com/insights/transform-your-online-presence-with-website-development-solutions-tailored-for-shopify","text/html","308","Permanent Redirect","Non-Indexable","Redirected"
"https://magicworksitsolutions.com/insights/beyond-code-what-sets-top-web-development-agencies-apart-from-the-rest","text/html","308","Permanent Redirect","Non-Indexable","Redirected"
"https://magicworksitsolutions.com/insights/4-proven-methods-to-increase-your-website-conversions","text/html","308","Permanent Redirect","Non-Indexable","Redirected"
"https://magicworksitsolutions.com/insights/indian-b2b-marketing-strategy-gap-explained","text/html","308","Permanent Redirect","Non-Indexable","Redirected"
"https://magicworksitsolutions.com/insights/the-essential-guide-to-social-media-marketing-dos-and-donts","text/html","308","Permanent Redirect","Non-Indexable","Redirected"
"https://magicworksitsolutions.com/insights/social-media-marketing-company-pune-2026","text/html","308","Permanent Redirect","Non-Indexable","Redirected"
"https://magicworksitsolutions.com/insights/how-ai-transforms-performance-marketing-for-scalable-growth","text/html","308","Permanent Redirect","Non-Indexable","Redirected"
"https://magicworksitsolutions.com/blog/the-complete-guide-to-hiring-a-digital-marketing-agency-in-india-2026","text/html","308","Permanent Redirect","Non-Indexable","Redirected"
"https://magicworksitsolutions.com/blog/how-to-hire-a-digital-marketing-agency-india","text/html","308","Permanent Redirect","Non-Indexable","Redirected"
"https://magicworksitsolutions.com/authors/swapnil-ughade","text/html; charset=utf-8","200","OK","Indexable",""
"https://magicworksitsolutions.com/insights/google-ai-mode-india-advertisers-2026","text/html","308","Permanent Redirect","Non-Indexable","Redirected"
"https://magicworksitsolutions.com/insights/geo-for-indian-businesses-2026","text/html","308","Permanent Redirect","Non-Indexable","Redirected"
"https://magicworksitsolutions.com/insights/ai-investment-framework-indian-ceos-marketing-sales-2026","text/html","308","Permanent Redirect","Non-Indexable","Redirected"
"https://magicworksitsolutions.com/insights/real-cost-of-ai-indian-marketing-sales-2026","text/html","308","Permanent Redirect","Non-Indexable","Redirected"
"https://magicworksitsolutions.com/insights/ai-lead-qualification-b2b-india-sales-heads-2026","text/html","308","Permanent Redirect","Non-Indexable","Redirected"
"https://magicworksitsolutions.com/insights/ai-social-media-services-vs-traditional-agencies-2026","text/html","308","Permanent Redirect","Non-Indexable","Redirected"
